season,week,team,vam_lost
2021,1,ARI,14.0
2021,1,BAL,2.0
2021,1,BUF,0.0
2021,1,CAR,0.0
2021,1,CHI,0.0
2021,1,CIN,0.0
2021,1,CLE,0.0
2021,1,DET,0.0
2021,1,GB,2.0
2021,1,HOU,145.9881439601105
2021,1,IND,8.904668471921468
2021,1,JAX,2.0
2021,1,KC,0.0
2021,1,LA,0.0
2021,1,LAC,0.0
2021,1,LV,0.0
2021,1,MIN,0.0
2021,1,NE,4.224504264362622
2021,1,NO,27.298756374316664
2021,1,NYG,0.0
2021,1,NYJ,0.0
2021,1,PHI,3.0
2021,1,SF,9.0
2021,1,TB,12.0
2021,1,TEN,2.0
2021,2,ARI,6.0
2021,2,ATL,0.0
2021,2,BAL,2.0
2021,2,CHI,0.0
2021,2,CIN,6.0
2021,2,CLE,7.7942789328723805
2021,2,DAL,0.0
2021,2,DEN,2.0
2021,2,DET,2.0
2021,2,GB,2.439675151952542
2021,2,HOU,145.9881439601105
2021,2,IND,6.0
2021,2,JAX,2.0
2021,2,LAC,6.0
2021,2,LV,26.67118485161685
2021,2,MIA,57.343443566609544
2021,2,MIN,15.0
2021,2,NE,16.0
2021,2,NO,9.0
2021,2,NYG,2.0
2021,2,NYJ,0.0
2021,2,PHI,3.0
2021,2,PIT,0.0
2021,2,SEA,0.0
2021,2,SF,5.0
2021,2,TEN,0.0
2021,3,ARI,0.0
2021,3,ATL,42.374743681196236
2021,3,BAL,2.0
2021,3,CAR,7.0
2021,3,CHI,6.0
2021,3,CIN,53.89017741098463
2021,3,CLE,5.0
2021,3,DAL,25.0
2021,3,DET,11.0
2021,3,GB,0.0
2021,3,HOU,165.07408369142118
2021,3,IND,0.0
2021,3,KC,12.0
2021,3,LAC,6.0
2021,3,LV,0.0
2021,3,MIA,0.0
2021,3,MIN,3.0
2021,3,NO,0.0
2021,3,NYG,2.0
2021,3,NYJ,29.073998513699728
2021,3,PHI,5.0
2021,3,PIT,25.815010928816818
2021,3,SEA,0.0
2021,3,SF,2.0
2021,3,TB,37.59321778779005
2021,3,TEN,20.8572718869718
2021,4,ARI,0.0
2021,4,ATL,33.374743681196236
2021,4,BAL,2.0
2021,4,BUF,14.0
2021,4,CAR,19.8453469344307
2021,4,CHI,6.0
2021,4,CIN,67.89017741098462
2021,4,CLE,0.0
2021,4,DAL,25.0
2021,4,DEN,2.0
2021,4,DET,8.0
2021,4,GB,30.392704781552283
2021,4,HOU,165.6686032851159
2021,4,IND,17.0
2021,4,JAX,0.0
2021,4,KC,3.0
2021,4,LAC,2.0
2021,4,MIA,0.0
2021,4,MIN,0.0
2021,4,NE,0.0
2021,4,NO,0.0
2021,4,NYG,45.58171578017307
2021,4,NYJ,14.0
2021,4,PHI,2.0
2021,4,PIT,0.0
2021,4,SEA,0.0
2021,4,SF,11.0
2021,4,TB,26.1138981264545
2021,4,TEN,139.0016037104011
2021,4,WAS,0.0
2021,5,ARI,4.0
2021,5,ATL,82.6792691661449
2021,5,BAL,0.0
2021,5,CAR,16.8453469344307
2021,5,CHI,7.0
2021,5,CIN,0.0
2021,5,CLE,0.0
2021,5,DAL,21.0
2021,5,DEN,7.51571922980377
2021,5,GB,7.0
2021,5,HOU,150.91973443797716
2021,5,IND,10.0
2021,5,JAX,0.0
2021,5,LAC,2.4739378989180603
2021,5,LV,6.832860550726764
2021,5,MIN,0.0
2021,5,NE,0.0
2021,5,NO,0.0
2021,5,NYG,55.58171578017307
2021,5,NYJ,22.547316091771492
2021,5,PHI,0.0
2021,5,PIT,17.91602764633717
2021,5,SEA,0.0
2021,5,SF,70.23210057346336
2021,5,TB,38.1138981264545
2021,5,TEN,62.428660383585
2021,5,WAS,19.704782313242514
2021,6,ARI,2.0
2021,6,BAL,21.11323698706966
2021,6,CAR,18.8453469344307
2021,6,CHI,0.0
2021,6,CIN,0.0
2021,6,CLE,28.805537989363053
2021,6,DAL,2.0
2021,6,DEN,0.0
2021,6,GB,2.0
2021,6,HOU,145.9881439601105
2021,6,IND,4.0
2021,6,JAX,7.0
2021,6,KC,23.25678091932787
2021,6,LAC,0.0
2021,6,LV,2.0
2021,6,MIA,50.370443866528504
2021,6,MIN,0.0
2021,6,NE,0.0
2021,6,NYG,21.6624569899484
2021,6,PHI,0.0
2021,6,PIT,25.0348402479748
2021,6,SEA,83.92981798643271
2021,6,TB,48.1138981264545
2021,6,TEN,5.0
2021,6,WAS,53.98122745272738
2021,7,ARI,8.28681058493396
2021,7,ATL,8.0
2021,7,BAL,28.34418223660837
2021,7,CAR,4.0
2021,7,CHI,6.0
2021,7,CLE,105.36757316374855
2021,7,DEN,0.0
2021,7,GB,0.0
2021,7,HOU,148.9881439601105
2021,7,IND,15.0
2021,7,KC,3.8789537221891797
2021,7,LV,0.0
2021,7,NE,8.0
2021,7,NO,31.623768405422613
2021,7,NYG,23.6624569899484
2021,7,NYJ,8.54731609177149
2021,7,SF,7.0
2021,7,TB,61.84582455949949
2021,7,TEN,0.0
2021,7,WAS,53.98122745272738
2021,8,ARI,17.0
2021,8,BUF,0.0
2021,8,CAR,2.0
2021,8,CHI,27.0
2021,8,CIN,0.0
2021,8,CLE,27.9681591077098
2021,8,DEN,2.0
2021,8,GB,0.0
2021,8,HOU,145.9881439601105
2021,8,IND,0.0
2021,8,JAX,0.0
2021,8,KC,0.0
2021,8,LA,12.153133704036033
2021,8,MIA,10.21111054054578
2021,8,MIN,0.0
2021,8,NE,0.0
2021,8,NO,17.078183239108952
2021,8,NYG,25.6624569899484
2021,8,NYJ,59.9720708228851
2021,8,PHI,0.0
2021,8,PIT,5.63092249764468
2021,8,SEA,2.0
2021,8,SF,15.0
2021,8,TB,23.731926433044986
2021,8,TEN,58.1378983876117
2021,8,WAS,34.27644513948487
2021,9,ARI,19.20048037706874
2021,9,ATL,47.30452548494868
2021,9,BAL,7.23094524953871
2021,9,BUF,0.0
2021,9,CHI,33.0
2021,9,CLE,7.7942789328723805
2021,9,DAL,0.915660924627446
2021,9,DEN,0.0
2021,9,GB,10.0
2021,9,HOU,173.90921782682761
2021,9,IND,41.483317407048304
2021,9,KC,0.0
2021,9,LA,4.0
2021,9,LAC,11.47393789891806
2021,9,MIN,0.0
2021,9,NO,14.0
2021,9,NYG,32.27540609048472
2021,9,NYJ,59.9720708228851
2021,9,PHI,0.0
2021,9,PIT,2.63092249764468
2021,9,SF,5.0
2021,9,TEN,3.03088498301804
2021,10,ARI,4.5705333876742795
2021,10,ATL,12.0
2021,10,BAL,7.23094524953871
2021,10,BUF,4.0
2021,10,CAR,0.0
2021,10,CLE,2.0
2021,10,DAL,0.0
2021,10,DEN,1.90331952483393
2021,10,DET,7.21984802854082
2021,10,GB,13.95898980763741
2021,10,IND,6.0
2021,10,KC,0.0
2021,10,LA,13.24723146307021
2021,10,LAC,11.47393789891806
2021,10,LV,7.0
2021,10,MIN,0.0
2021,10,NE,11.0
2021,10,NO,22.18852579667217
2021,10,NYJ,0.0
2021,10,PIT,43.901552863908535
2021,10,SEA,8.0
2021,10,SF,27.71568114039552
2021,10,TB,46.84582455949949
2021,10,TEN,5.0
2021,10,WAS,59.27644513948487
2021,11,ARI,57.956274551362824
2021,11,ATL,16.6490260439732
2021,11,BAL,16.527551754531302
2021,11,CHI,41.290854531966204
2021,11,CLE,11.0
2021,11,DET,27.81929333492394
2021,11,GB,65.87567332271993
2021,11,HOU,152.9881439601105
2021,11,JAX,0.0
2021,11,KC,0.0
2021,11,LAC,0.0
2021,11,LV,13.484248585179172
2021,11,MIN,0.0
2021,11,NO,19.18852579667217
2021,11,NYG,43.27540609048472
2021,11,NYJ,0.0
2021,11,PHI,0.0
2021,11,PIT,43.0
2021,11,SF,1.0
2021,11,TB,27.731926433044986
2021,11,TEN,27.2518372736813
2021,11,WAS,0.0
2021,12,ATL,2.0
2021,12,BAL,10.5275517545313
2021,12,CAR,0.0
2021,12,CHI,41.290854531966204
2021,12,CIN,2.48476124969689
2021,12,CLE,0.0
2021,12,DEN,4.90331952483393
2021,12,DET,8.0
2021,12,GB,10.070179065724744
2021,12,HOU,151.9881439601105
2021,12,JAX,9.0
2021,12,LAC,0.0
2021,12,LV,7.0
2021,12,MIA,6.72609393423772
2021,12,MIN,12.0
2021,12,NO,22.18852579667217
2021,12,NYG,44.104213221835764
2021,12,NYJ,0.0
2021,12,PHI,0.0
2021,12,PIT,2.63092249764468
2021,12,SEA,0.0
2021,12,SF,1.0
2021,12,TB,23.731926433044986
2021,12,TEN,68.5729433268161
2021,12,WAS,0.0
2021,13,ARI,0.0
2021,13,ATL,0.0
2021,13,BAL,10.5275517545313
2021,13,CHI,49.290854531966204
2021,13,CIN,4.48476124969689
2021,13,DAL,3.1764977134298498
2021,13,DEN,0.0
2021,13,DET,11.27707910432256
2021,13,HOU,170.07408369142118
2021,13,JAX,9.0
2021,13,KC,3.0
2021,13,LA,0.0
2021,13,LAC,0.0
2021,13,LV,65.38783374727001
2021,13,MIA,6.72609393423772
2021,13,MIN,14.05830698988114
2021,13,NO,5.0
2021,13,NYG,37.379171680019034
2021,13,NYJ,3.0
2021,13,PHI,0.0
2021,13,PIT,6.0
2021,13,SEA,0.0
2021,13,SF,21.50498663954978
2021,13,TB,12.0
2021,13,WAS,9.0
2021,14,ARI,6.0
2021,14,BAL,10.5275517545313
2021,14,BUF,0.0
2021,14,CAR,0.0
2021,14,CHI,2.0
2021,14,CIN,8.0
2021,14,CLE,0.0
2021,14,DET,8.171620762166482
2021,14,GB,23.456130331348756
2021,14,HOU,145.9881439601105
2021,14,JAX,0.0
2021,14,KC,0.0
2021,14,LA,0.0
2021,14,LAC,13.0
2021,14,LV,69.38783374727001
2021,14,MIN,46.096747037932744
2021,14,NO,0.0
2021,14,NYG,0.0
2021,14,NYJ,0.0
2021,14,PIT,13.0
2021,14,SEA,21.0
2021,14,SF,6.0
2021,14,TB,12.0
2021,14,TEN,19.0
2021,14,WAS,0.0
2021,15,ARI,53.75579417429408
2021,15,ATL,2.0
2021,15,BAL,8.0
2021,15,BUF,33.88294253430375
2021,15,CAR,0.0
2021,15,CHI,3.0
2021,15,CIN,8.0
2021,15,CLE,0.0
2021,15,DAL,0.0
2021,15,DEN,18.0
2021,15,DET,3.277079104322561
2021,15,GB,10.26288144371938
2021,15,HOU,155.9881439601105
2021,15,IND,2.0
2021,15,JAX,0.0
2021,15,KC,17.0
2021,15,LV,67.38783374727001
2021,15,NE,0.0
2021,15,NO,0.0
2021,15,NYG,0.0
2021,15,NYJ,0.0
2021,15,SF,8.0
2021,15,TB,6.0
2021,15,TEN,11.0
2021,16,ARI,8.0
2021,16,ATL,0.0
2021,16,BAL,9.24892446168814
2021,16,CHI,5.575009973045984
2021,16,CIN,8.0
2021,16,CLE,3.0
2021,16,DAL,0.0
2021,16,DEN,50.1532760968314
2021,16,DET,3.0
2021,16,GB,8.070179065724744
2021,16,HOU,145.9881439601105
2021,16,IND,2.0
2021,16,LAC,2.58079188247211
2021,16,LV,63.38783374727
2021,16,NE,36.9445202872954
2021,16,NYG,11.161504588905
2021,16,NYJ,29.073998513699728
2021,16,PIT,2.0
2021,16,SEA,0.0
2021,16,SF,3.0
2021,16,TB,95.9828458857515
2021,16,TEN,2.0
2021,16,WAS,14.0
2021,17,ARI,8.0
2021,17,ATL,6.0
2021,17,BAL,0.0
2021,17,CAR,5.0
2021,17,CHI,0.0
2021,17,CIN,0.0
2021,17,CLE,19.0
2021,17,DEN,45.1532760968314
2021,17,DET,19.81929333492394
2021,17,GB,7.0
2021,17,HOU,145.9881439601105
2021,17,IND,2.0
2021,17,JAX,15.29799164440204
2021,17,LAC,0.0
2021,17,MIN,8.0
2021,17,NE,36.9445202872954
2021,17,NO,24.298756374316664
2021,17,NYG,11.161504588905
2021,17,NYJ,29.073998513699728
2021,17,PHI,0.0
2021,17,PIT,0.0
2021,17,SEA,0.0
2021,17,SF,34.768766460959256
2021,17,TB,56.0
2021,17,WAS,3.0
2021,18,ARI,10.37005301060554
2021,18,BAL,97.3217587379471
2021,18,BUF,46.88294253430375
2021,18,CAR,0.0
2021,18,CHI,7.0
2021,18,CIN,0.0
2021,18,DEN,0.0
2021,18,DET,0.0
2021,18,GB,17.0
2021,18,HOU,145.9881439601105
2021,18,IND,6.0
2021,18,JAX,9.29799164440204
2021,18,KC,0.0
2021,18,LAC,0.0
2021,18,MIN,0.0
2021,18,NE,0.0
2021,18,NO,6.0
2021,18,NYG,0.0
2021,18,NYJ,5.66113457909714
2021,18,PHI,0.0
2021,18,PIT,0.0
2021,18,SEA,6.0
2021,18,TB,56.0
2021,18,TEN,0.0
2021,18,WAS,59.27644513948487
2021,19,CIN,0.0
2021,19,DAL,5.0
2021,19,KC,0.0
2021,19,LA,5.0
2021,19,TB,0.0
2021,20,GB,28.392704781552283
2021,20,LA,5.0
2021,20,TB,1.2607532121602
2021,21,CIN,0.0
2021,21,LA,0.0
2022,1,ARI,4.33875561494791
2022,1,BAL,0.0
2022,1,CHI,0.0
2022,1,CIN,0.0
2022,1,DAL,18.4041369350428
2022,1,DEN,2.0
2022,1,DET,2.0
2022,1,GB,39.344342182310356
2022,1,HOU,18.0
2022,1,IND,28.0
2022,1,LA,34.76201265678837
2022,1,LAC,33.14505668891082
2022,1,NO,21.5186280927269
2022,1,NYG,18.0
2022,1,NYJ,0.0
2022,1,SEA,4.0
2022,1,SF,0.0
2022,1,TB,0.0
2022,1,TEN,14.0
2022,1,WAS,2.0
2022,2,ARI,2.149164454088929
2022,2,ATL,0.0
2022,2,BAL,14.3153648964362
2022,2,BUF,10.0
2022,2,CAR,0.0
2022,2,CHI,0.0
2022,2,CLE,0.0
2022,2,DAL,120.3816742518293
2022,2,DEN,5.07608739298303
2022,2,DET,0.0
2022,2,HOU,0.0
2022,2,IND,28.0
2022,2,KC,0.0
2022,2,LA,34.76201265678837
2022,2,LAC,38.40576133840389
2022,2,LV,22.96039893597347
2022,2,MIA,0.872670122655109
2022,2,MIN,0.0
2022,2,NO,9.0
2022,2,NYG,22.0
2022,2,NYJ,19.4237881508718
2022,2,SEA,0.0
2022,2,SF,0.0
2022,2,TB,38.18130874340832
2022,2,TEN,8.13464422883114
2022,3,ARI,1.3387556149479098
2022,3,ATL,0.0
2022,3,BAL,0.0
2022,3,BUF,35.0
2022,3,CHI,5.0033859970720105
2022,3,CIN,8.321978353720624
2022,3,CLE,22.0
2022,3,DAL,92.9775373167865
2022,3,DEN,0.0
2022,3,DET,0.0
2022,3,GB,0.0
2022,3,HOU,5.78663257053661
2022,3,IND,28.0
2022,3,KC,10.0
2022,3,LA,37.76201265678837
2022,3,LAC,26.0
2022,3,LV,50.85047074855016
2022,3,MIA,0.872670122655109
2022,3,MIN,11.0
2022,3,NO,0.0
2022,3,NYG,27.28647862204219
2022,3,NYJ,0.0
2022,3,SEA,20.0
2022,3,SF,5.4017754854514
2022,3,TB,45.18130874340832
2022,3,TEN,18.0
2022,3,WAS,2.0
2022,4,ARI,28.4733856565134
2022,4,BAL,11.0
2022,4,BUF,6.0
2022,4,CHI,10.00338599707201
2022,4,CIN,4.321978353720624
2022,4,CLE,4.0
2022,4,DAL,84.9775373167865
2022,4,DEN,5.0
2022,4,DET,58.32833435664034
2022,4,GB,0.0
2022,4,HOU,5.78663257053661
2022,4,IND,2.0
2022,4,KC,10.0
2022,4,LA,3.0
2022,4,LAC,31.260704649493075
2022,4,LV,49.97708337662163
2022,4,MIA,0.872670122655109
2022,4,MIN,0.0
2022,4,NE,55.67095022079723
2022,4,NO,40.691060022159306
2022,4,NYG,27.28647862204219
2022,4,NYJ,10.0
2022,4,PHI,8.0
2022,4,PIT,9.0
2022,4,SEA,6.0
2022,4,SF,14.401775485451399
2022,4,TB,13.2630563054761
2022,4,TEN,15.06227189977653
2022,4,WAS,0.0
2022,5,ARI,5.0
2022,5,ATL,26.3311149346791
2022,5,BAL,25.884151672314403
2022,5,BUF,63.647067171496815
2022,5,CAR,2.27462446073786
2022,5,CHI,7.0
2022,5,DAL,84.9775373167865
2022,5,DEN,5.0
2022,5,DET,28.40144161788109
2022,5,HOU,13.71267353433025
2022,5,IND,76.7024224079214
2022,5,JAX,0.0
2022,5,KC,0.0
2022,5,LA,3.0
2022,5,LAC,31.260704649493075
2022,5,LV,3.0
2022,5,MIA,16.76369979301989
2022,5,MIN,0.0
2022,5,NE,55.67095022079723
2022,5,NO,55.691060022159306
2022,5,NYG,32.28647862204219
2022,5,NYJ,10.0
2022,5,PHI,8.0
2022,5,PIT,9.0
2022,5,SEA,0.0
2022,5,SF,17.4017754854514
2022,5,TB,13.0
2022,5,TEN,23.06227189977653
2022,5,WAS,0.0
2022,6,ARI,50.0232466384125
2022,6,ATL,3.0
2022,6,BAL,25.884151672314403
2022,6,BUF,0.0
2022,6,CAR,2.9885299719605203
2022,6,CLE,32.0
2022,6,DAL,0.0
2022,6,DEN,12.0
2022,6,GB,2.0
2022,6,IND,38.0
2022,6,KC,13.0
2022,6,LA,0.0
2022,6,LAC,31.260704649493075
2022,6,MIA,15.89102967036478
2022,6,NE,6.0
2022,6,NO,22.06674935559259
2022,6,NYG,34.28647862204219
2022,6,NYJ,0.0
2022,6,PIT,56.750933841631095
2022,6,SEA,3.0
2022,6,SF,21.0
2022,6,TB,30.3809976857338
2022,6,WAS,10.574759503739191
2022,7,ARI,38.38086756761477
2022,7,ATL,0.0
2022,7,BAL,0.0
2022,7,CAR,5.71390551122266
2022,7,CIN,16.0
2022,7,CLE,10.0
2022,7,DAL,0.0
2022,7,DEN,10.0
2022,7,DET,23.22529885149561
2022,7,GB,20.952882296183997
2022,7,HOU,20.0
2022,7,IND,38.0
2022,7,JAX,15.767244547689732
2022,7,KC,2.0
2022,7,LAC,19.881792236163342
2022,7,LV,12.1684398536518
2022,7,MIA,1.1489623326342602
2022,7,NO,9.0
2022,7,NYG,28.28647862204219
2022,7,NYJ,4.1970849489352196
2022,7,PIT,9.0
2022,7,SEA,0.0
2022,7,SF,12.0
2022,7,TB,24.3809976857338
2022,7,TEN,2.0
2022,7,WAS,31.491391362078613
2022,8,ARI,21.476372871046692
2022,8,ATL,19.0
2022,8,BAL,3.0
2022,8,BUF,0.0
2022,8,CAR,0.0
2022,8,CHI,0.0
2022,8,CIN,69.11249873191878
2022,8,CLE,31.001412802207245
2022,8,DAL,0.0
2022,8,DEN,10.0
2022,8,DET,35.0
2022,8,GB,39.344342182310356
2022,8,IND,12.0
2022,8,JAX,7.23283927468583
2022,8,LA,0.0
2022,8,MIA,0.0
2022,8,NE,3.0
2022,8,NO,9.0
2022,8,NYG,0.0
2022,8,NYJ,0.0
2022,8,PIT,20.0
2022,8,SEA,2.005029065418057
2022,8,SF,105.46464164541365
2022,8,TB,28.49708630586398
2022,8,TEN,0.0
2022,8,WAS,18.0
2022,9,ARI,0.0
2022,9,ATL,13.0
2022,9,BAL,69.86348212903879
2022,9,BUF,21.0
2022,9,CAR,8.273095316
2022,9,CIN,77.11249873191878
2022,9,DET,23.8842784421475
2022,9,GB,14.0
2022,9,HOU,8.0
2022,9,IND,40.70242240792141
2022,9,KC,5.35171891207574
2022,9,LA,0.0
2022,9,LAC,116.0740501609828
2022,9,MIA,0.0
2022,9,MIN,5.0
2022,9,NE,24.0618967613669
2022,9,NO,9.0
2022,9,NYJ,0.0
2022,9,PHI,2.0
2022,9,SEA,25.63272781433369
2022,9,TB,23.49708630586398
2022,9,TEN,8.06227189977653
2022,9,WAS,27.93296741268872
2022,10,ARI,0.0
2022,10,ATL,14.0
2022,10,BUF,34.0
2022,10,CAR,8.273095316
2022,10,CHI,16.0
2022,10,CLE,28.001412802207245
2022,10,DAL,14.0
2022,10,DEN,5.07608739298303
2022,10,DET,18.8842784421475
2022,10,GB,19.0
2022,10,HOU,0.0
2022,10,IND,28.0
2022,10,KC,16.44000685616631
2022,10,LA,12.0
2022,10,LAC,99.92899347207198
2022,10,MIA,0.0
2022,10,MIN,10.0
2022,10,NO,9.0
2022,10,NYG,0.0
2022,10,PHI,8.0
2022,10,PIT,23.0
2022,10,SEA,0.0
2022,10,SF,23.0
2022,10,TB,9.49708630586398
2022,10,TEN,35.06227189977653
2022,10,WAS,27.93296741268872
2022,11,ARI,24.845380665053007
2022,11,ATL,0.0
2022,11,BAL,0.0
2022,11,BUF,16.0
2022,11,CAR,10.0
2022,11,CHI,9.723724297859011
2022,11,CIN,63.112498731918784
2022,11,CLE,0.0
2022,11,DEN,26.618957094852504
2022,11,DET,19.0
2022,11,GB,14.0
2022,11,HOU,0.0
2022,11,IND,10.0
2022,11,KC,0.0
2022,11,LA,3.0
2022,11,LAC,0.0
2022,11,MIN,5.0
2022,11,NE,3.0
2022,11,NO,62.0
2022,11,NYG,0.0
2022,11,NYJ,8.83653338713339
2022,11,PHI,0.0
2022,11,PIT,9.0
2022,11,SF,12.0
2022,11,TEN,25.06227189977653
2022,11,WAS,27.93296741268872
2022,12,ARI,26.184136280000914
2022,12,ATL,0.0
2022,12,BAL,0.0
2022,12,BUF,19.0
2022,12,CAR,8.0
2022,12,CHI,0.0
2022,12,CIN,0.0
2022,12,CLE,0.0
2022,12,DAL,23.0
2022,12,DEN,26.618957094852504
2022,12,DET,19.0
2022,12,GB,14.0
2022,12,HOU,0.0
2022,12,KC,10.286478622042189
2022,12,LA,126.69377016901977
2022,12,LAC,69.6682888225789
2022,12,MIA,1.5217217085883
2022,12,MIN,0.0
2022,12,NE,0.0
2022,12,NO,2.0
2022,12,NYG,3.0
2022,12,NYJ,8.83653338713339
2022,12,PIT,9.0
2022,12,SEA,4.679370071218139
2022,12,SF,12.0
2022,12,TB,16.81882218584492
2022,12,TEN,18.0
2022,12,WAS,12.0
2022,13,BAL,0.0
2022,13,BUF,21.0
2022,13,CHI,0.0
2022,13,CLE,21.001412802207245
2022,13,DEN,7.07608739298303
2022,13,DET,15.0
2022,13,GB,6.0
2022,13,HOU,25.33121595663331
2022,13,IND,16.0
2022,13,KC,10.286478622042189
2022,13,LA,159.69377016901979
2022,13,LAC,66.6682888225789
2022,13,LV,5.22088196395983
2022,13,MIA,0.0
2022,13,MIN,0.0
2022,13,NE,7.4439789493062705
2022,13,NO,31.5892221026784
2022,13,NYG,3.0
2022,13,NYJ,13.0
2022,13,PHI,58.0
2022,13,PIT,9.0
2022,13,SF,0.0
2022,13,TB,16.0
2022,13,TEN,23.0
2022,13,WAS,0.0
2022,14,ARI,16.33875561494791
2022,14,BAL,33.9518129823594
2022,14,BUF,6.0
2022,14,CIN,2.64730920143162
2022,14,DAL,11.0
2022,14,DEN,23.2087523705525
2022,14,DET,4.0
2022,14,HOU,25.33121595663331
2022,14,JAX,0.0
2022,14,LA,47.0
2022,14,LAC,24.0
2022,14,LV,10.22088196395983
2022,14,MIA,0.0
2022,14,MIN,0.0
2022,14,NE,29.24906025980998
2022,14,NYG,20.0
2022,14,PHI,0.0
2022,14,SF,102.48847945060136
2022,14,TB,14.0
2022,14,TEN,30.0
2022,15,ARI,26.0
2022,15,ATL,0.0
2022,15,BAL,33.9518129823594
2022,15,BUF,6.0
2022,15,CAR,0.0
2022,15,CHI,13.61145746926298
2022,15,CIN,46.64730920143162
2022,15,DAL,0.0
2022,15,DEN,42.331300426672115
2022,15,DET,6.0
2022,15,GB,0.0
2022,15,HOU,34.331215956633315
2022,15,IND,23.27714111151205
2022,15,LA,39.0
2022,15,LAC,16.0
2022,15,LV,2.0
2022,15,MIA,6.0
2022,15,NE,24.0618967613669
2022,15,NO,15.0
2022,15,NYG,3.0
2022,15,NYJ,8.375958937811477
2022,15,PHI,0.0
2022,15,PIT,0.0
2022,15,SF,182.6661491516208
2022,15,TB,21.0
2022,15,TEN,34.19691612860767
2022,15,WAS,0.0
2022,16,ARI,27.7275696811319
2022,16,ATL,0.0
2022,16,BAL,36.9518129823594
2022,16,BUF,5.0
2022,16,CHI,19.827452109894818
2022,16,CIN,17.0
2022,16,CLE,22.0
2022,16,DAL,5.0
2022,16,DEN,6.938430552327239
2022,16,DET,5.0
2022,16,GB,0.0
2022,16,HOU,0.0
2022,16,IND,20.28321402050258
2022,16,JAX,0.0
2022,16,KC,5.35171891207574
2022,16,LA,37.40855996189614
2022,16,LAC,0.0
2022,16,LV,2.0
2022,16,MIA,0.0
2022,16,MIN,1.50445499410853
2022,16,NE,24.0618967613669
2022,16,NO,0.0
2022,16,NYG,3.0
2022,16,NYJ,12.924490579863807
2022,16,PHI,57.0038061155781
2022,16,SEA,58.46692414515132
2022,16,SF,176.6661491516208
2022,16,TB,21.0
2022,16,TEN,76.9529543729706
2022,16,WAS,0.0
2022,17,ARI,12.7275696811319
2022,17,ATL,0.0
2022,17,BAL,33.9518129823594
2022,17,CAR,3.0
2022,17,DAL,5.0
2022,17,DEN,21.0
2022,17,DET,5.0
2022,17,HOU,0.0
2022,17,IND,26.59356764234306
2022,17,LA,34.40855996189614
2022,17,LAC,16.0
2022,17,MIA,15.89102967036478
2022,17,MIN,3.5044549941085297
2022,17,NE,24.0618967613669
2022,17,NO,2.0
2022,17,NYG,3.0
2022,17,NYJ,10.548531642052332
2022,17,PHI,66.37178481845947
2022,17,PIT,3.0
2022,17,SEA,10.63272781433369
2022,17,SF,176.6661491516208
2022,17,TB,8.0
2022,17,TEN,126.92003284508772
2022,17,WAS,5.0
2022,18,ARI,80.5819122483255
2022,18,ATL,0.0
2022,18,BAL,33.9518129823594
2022,18,CHI,0.0
2022,18,CLE,22.0
2022,18,DAL,5.0
2022,18,DEN,14.93843055232724
2022,18,DET,0.0
2022,18,HOU,0.0
2022,18,IND,9.806952490327927
2022,18,KC,0.0
2022,18,LA,40.40855996189614
2022,18,LV,0.0
2022,18,MIA,58.50329281800409
2022,18,MIN,14.50445499410853
2022,18,NO,9.0
2022,18,NYG,38.0
2022,18,NYJ,8.0
2022,18,PHI,26.63749824167462
2022,18,PIT,3.0
2022,18,SEA,7.367714558443719
2022,18,SF,104.48847945060136
2022,18,TB,22.0
2022,18,TEN,0.0
2022,18,WAS,23.0
2022,19,BAL,33.9518129823594
2022,19,CIN,0.0
2022,19,DAL,3.0
2022,19,MIA,17.412751378953082
2022,19,SF,99.48847945060136
2022,19,TB,8.23226541146352
2022,20,CIN,0.0
2022,20,DAL,0.0
2022,20,KC,16.44000685616631
2022,20,PHI,8.0
2022,20,SF,99.48847945060136
2022,21,CIN,0.0
2022,21,SF,96.48847945060136
2023,1,ARI,0.0
2023,1,ATL,5.0
2023,1,BAL,17.0
2023,1,CAR,21.153133170537
2023,1,CIN,7.0
2023,1,DAL,17.0
2023,1,DET,3.0
2023,1,GB,37.360441832602966
2023,1,HOU,17.0
2023,1,JAX,0.0
2023,1,LAC,4.0
2023,1,LV,11.0
2023,1,MIA,0.0
2023,1,NE,8.0
2023,1,NO,12.38566259577621
2023,1,NYG,12.499416722601941
2023,1,SEA,0.0
2023,1,TEN,0.0
2023,2,ARI,0.0
2023,2,ATL,2.0
2023,2,BAL,29.0
2023,2,CHI,2.0
2023,2,DAL,17.0
2023,2,DEN,12.468308218268524
2023,2,DET,7.0
2023,2,HOU,28.0
2023,2,JAX,0.0
2023,2,LAC,16.01186472936933
2023,2,LV,49.084036752855106
2023,2,MIA,2.0
2023,2,MIN,0.0
2023,2,NYG,27.499416722601943
2023,2,PHI,14.50452746665894
2023,2,PIT,0.319205941224936
2023,2,SEA,0.0
2023,2,SF,5.0
2023,2,TB,5.0
2023,2,TEN,10.0
2023,2,WAS,0.0
2023,3,ARI,2.0
2023,3,BAL,37.0
2023,3,CAR,0.0
2023,3,CHI,16.0
2023,3,CIN,0.0
2023,3,CLE,1.0
2023,3,DAL,9.0
2023,3,DEN,36.0
2023,3,DET,19.0
2023,3,GB,0.0
2023,3,HOU,34.0
2023,3,IND,0.0
2023,3,JAX,42.00252779975679
2023,3,KC,35.94248577641601
2023,3,LAC,12.011864729369329
2023,3,MIA,3.427857291419058
2023,3,MIN,1.0
2023,3,NO,8.41547742337571
2023,3,NYG,17.0
2023,3,NYJ,0.0
2023,3,PHI,0.0
2023,3,PIT,2.518245593382742
2023,3,SEA,58.3880541743711
2023,3,TB,0.0
2023,3,TEN,0.0
2023,3,WAS,0.0
2023,4,ARI,2.0
2023,4,ATL,0.0
2023,4,BAL,31.64761705750452
2023,4,BUF,14.0
2023,4,CAR,0.0
2023,4,CHI,20.0
2023,4,CIN,0.0
2023,4,DAL,0.0
2023,4,DEN,30.0
2023,4,DET,0.0
2023,4,GB,6.0
2023,4,HOU,12.0
2023,4,IND,0.0
2023,4,JAX,51.00252779975679
2023,4,KC,15.0
2023,4,LAC,30.01186472936933
2023,4,LV,0.0
2023,4,MIA,16.0
2023,4,MIN,0.0
2023,4,NO,0.0
2023,4,NYG,0.0
2023,4,NYJ,0.0
2023,4,PHI,0.0
2023,4,PIT,0.0
2023,4,SEA,12.0
2023,4,SF,13.9553268581041
2023,4,TB,6.0
2023,4,TEN,9.5419588041972
2023,4,WAS,0.0
2023,5,ARI,2.0
2023,5,BAL,8.0
2023,5,BUF,21.0
2023,5,CAR,0.0
2023,5,CHI,18.0
2023,5,CIN,0.0
2023,5,DAL,0.0
2023,5,DEN,21.0
2023,5,DET,72.05674196830165
2023,5,GB,6.0
2023,5,HOU,7.0
2023,5,IND,15.0
2023,5,JAX,21.0
2023,5,LA,0.0
2023,5,LV,4.0
2023,5,MIA,0.0
2023,5,NO,15.7723026466218
2023,5,NYG,0.0
2023,5,NYJ,5.0
2023,5,PHI,32.21362550929187
2023,5,PIT,8.8904478765043
2023,5,SF,7.74667649853514
2023,5,TEN,15.5419588041972
2023,6,ARI,3.0
2023,6,BAL,8.0
2023,6,CAR,23.15591376151313
2023,6,CHI,4.604070988229799
2023,6,CIN,0.0
2023,6,CLE,0.0
2023,6,DAL,6.0
2023,6,DEN,29.0
2023,6,DET,17.009731887665097
2023,6,IND,0.0
2023,6,JAX,49.00252779975679
2023,6,LAC,7.0
2023,6,LV,4.0
2023,6,MIA,0.0
2023,6,NE,83.6421622691533
2023,6,NO,21.900896633359345
2023,6,NYG,77.3846448328387
2023,6,NYJ,7.0
2023,6,PHI,11.0
2023,6,SEA,12.0
2023,6,TB,17.0
2023,6,TEN,9.5419588041972
2023,6,WAS,0.0
2023,7,ARI,6.0
2023,7,BAL,12.0
2023,7,BUF,8.844161027172275
2023,7,CHI,16.0
2023,7,CLE,4.0
2023,7,DEN,0.468308218268524
2023,7,DET,11.4794679554041
2023,7,GB,6.0
2023,7,IND,0.0
2023,7,JAX,60.00252779975679
2023,7,KC,7.57732567988509
2023,7,LA,4.0
2023,7,LAC,11.26403268127769
2023,7,LV,76.44002844427467
2023,7,MIA,22.0
2023,7,MIN,0.0
2023,7,NE,27.0
2023,7,NO,20.7723026466218
2023,7,NYG,0.0
2023,7,PHI,3.0
2023,7,PIT,8.8904478765043
2023,7,SF,0.5609783655305502
2023,8,ARI,2.0
2023,8,ATL,0.0
2023,8,BAL,12.0
2023,8,BUF,22.308323010645477
2023,8,CAR,30.810444821428938
2023,8,CHI,0.0
2023,8,CIN,0.0
2023,8,CLE,0.0
2023,8,DET,0.0
2023,8,HOU,16.94663831669898
2023,8,IND,0.0
2023,8,JAX,42.00252779975679
2023,8,KC,12.0
2023,8,LA,0.0
2023,8,LV,0.0
2023,8,MIN,2.0
2023,8,NE,0.0
2023,8,NO,0.0
2023,8,NYG,60.3846448328387
2023,8,NYJ,0.0
2023,8,PHI,0.0
2023,8,SEA,0.0
2023,8,SF,0.5609783655305502
2023,8,TB,0.0
2023,8,TEN,20.21619351066091
2023,8,WAS,10.0
2023,9,ARI,0.0
2023,9,ATL,12.795354318053
2023,9,BAL,0.0
2023,9,BUF,0.0
2023,9,CAR,54.81044482142894
2023,9,CHI,18.0
2023,9,CIN,4.0
2023,9,CLE,1.0
2023,9,HOU,8.94663831669898
2023,9,IND,0.0
2023,9,KC,12.22653345686554
2023,9,LA,5.0
2023,9,LAC,26.35534027275006
2023,9,LV,0.0
2023,9,MIA,6.0
2023,9,MIN,1.0
2023,9,NE,15.6475410945633
2023,9,NO,0.0
2023,9,NYG,10.70412307077553
2023,9,NYJ,0.0
2023,9,PHI,2.07799670603474
2023,9,PIT,18.0
2023,9,TB,5.0
2023,9,TEN,20.21619351066091
2023,9,WAS,22.45326453183475
2023,10,ARI,0.0
2023,10,ATL,37.64482870224556
2023,10,BUF,3.0
2023,10,CAR,68.96357799196593
2023,10,CHI,5.0
2023,10,CIN,73.5683294738776
2023,10,CLE,20.390220909318877
2023,10,DET,0.0
2023,10,GB,24.0
2023,10,HOU,15.0
2023,10,IND,0.0
2023,10,JAX,42.00252779975679
2023,10,LV,0.0
2023,10,MIN,1.0
2023,10,NE,15.6475410945633
2023,10,NO,0.0
2023,10,NYG,2.0
2023,10,NYJ,0.0
2023,10,PIT,18.0
2023,10,SEA,0.0
2023,10,SF,9.0
2023,10,TB,0.0
2023,10,TEN,15.5419588041972
2023,11,ARI,2.0
2023,11,BAL,17.0
2023,11,CAR,47.734153085927005
2023,11,CHI,0.0
2023,11,CIN,69.5683294738776
2023,11,CLE,31.390220909318877
2023,11,DEN,4.0
2023,11,DET,4.0
2023,11,GB,11.0
2023,11,HOU,15.0
2023,11,JAX,24.86787168462498
2023,11,LAC,1.732567996402988
2023,11,MIA,0.0
2023,11,MIN,2.0
2023,11,NYG,2.0
2023,11,NYJ,0.0
2023,11,PHI,47.1879870728172
2023,11,PIT,22.0
2023,11,SEA,2.09064046188723
2023,11,SF,0.0
2023,11,TB,9.0
2023,11,TEN,15.5419588041972
2023,11,WAS,6.0
2023,12,ARI,3.0
2023,12,ATL,33.64482870224556
2023,12,BAL,29.11104753145648
2023,12,BUF,14.0
2023,12,CAR,44.734153085927005
2023,12,CHI,0.0
2023,12,CIN,148.5165768820413
2023,12,CLE,29.390220909318877
2023,12,DAL,9.0
2023,12,DET,0.0
2023,12,GB,16.29741028327084
2023,12,HOU,15.0
2023,12,IND,0.0
2023,12,JAX,11.0
2023,12,KC,48.13139732817428
2023,12,LA,2.0
2023,12,LAC,1.29159545726725
2023,12,LV,31.0
2023,12,MIA,0.0
2023,12,NO,3.0
2023,12,NYG,54.2541653745864
2023,12,NYJ,6.0
2023,12,PHI,57.26598377885194
2023,12,PIT,18.0
2023,12,SEA,2.09064046188723
2023,12,TB,14.0
2023,12,TEN,7.5419588041972005
2023,12,WAS,6.0
2023,13,ARI,3.0
2023,13,CAR,38.734153085927005
2023,13,CIN,2.0
2023,13,CLE,29.390220909318877
2023,13,DET,8.0
2023,13,GB,9.82272455978495
2023,13,HOU,0.0
2023,13,IND,0.0
2023,13,KC,12.0
2023,13,LA,2.0
2023,13,LAC,1.29159545726725
2023,13,NE,0.0
2023,13,NO,41.63843674094575
2023,13,NYJ,0.0
2023,13,PHI,47.1879870728172
2023,13,SEA,2.09064046188723
2023,13,TB,29.0
2023,13,WAS,6.0
2023,14,ATL,10.0
2023,14,CAR,29.734153085927
2023,14,CHI,4.29595275810497
2023,14,DAL,0.0
2023,14,DET,0.0
2023,14,GB,46.360441832602966
2023,14,HOU,5.0
2023,14,IND,0.0
2023,14,JAX,2.0
2023,14,KC,18.47539136382029
2023,14,LA,4.88517885854043
2023,14,LAC,28.35534027275006
2023,14,LV,0.0
2023,14,MIA,0.0
2023,14,NE,0.0
2023,14,NO,0.0
2023,14,NYG,0.0
2023,14,NYJ,0.0
2023,14,PIT,3.8212874635951497
2023,14,SEA,12.0
2023,14,SF,34.35927767583644
2023,14,TB,21.0
2023,14,TEN,22.0
2023,15,ARI,0.0
2023,15,ATL,7.0
2023,15,BUF,17.0
2023,15,CAR,24.74249019594606
2023,15,CHI,4.29595275810497
2023,15,CLE,25.0
2023,15,DAL,0.0
2023,15,DEN,5.468308218268524
2023,15,DET,0.0
2023,15,GB,37.360441832602966
2023,15,HOU,10.0
2023,15,IND,0.0
2023,15,JAX,22.0
2023,15,KC,1.47539136382029
2023,15,LAC,29.730669804798463
2023,15,LV,0.0
2023,15,MIA,5.0
2023,15,MIN,12.369656248604977
2023,15,NE,0.0
2023,15,NO,4.0
2023,15,NYG,0.0
2023,15,NYJ,0.0
2023,15,PHI,9.0
2023,15,PIT,0.8212874635951497
2023,15,SF,41.08952551623811
2023,15,TB,29.0
2023,15,TEN,23.0
2023,15,WAS,6.0
2023,16,ARI,0.0
2023,16,ATL,0.0
2023,16,BAL,9.0
2023,16,BUF,0.0
2023,16,CHI,4.29595275810497
2023,16,CIN,22.67727606208194
2023,16,CLE,25.0
2023,16,DAL,0.0
2023,16,DEN,5.468308218268524
2023,16,DET,43.8101057099702
2023,16,GB,46.360441832602966
2023,16,HOU,6.0
2023,16,IND,0.0
2023,16,KC,48.13139732817428
2023,16,LA,0.0
2023,16,LAC,36.73066980479847
2023,16,LV,0.0
2023,16,MIA,0.0
2023,16,MIN,8.69675768021261
2023,16,NE,48.6421622691533
2023,16,NO,4.0
2023,16,NYG,4.0
2023,16,NYJ,0.0
2023,16,PHI,20.0
2023,16,PIT,18.821287463595148
2023,16,SEA,12.0
2023,16,SF,23.29817587580707
2023,16,TB,0.0
2023,16,TEN,35.0
2023,16,WAS,0.0
2023,17,ARI,2.0
2023,17,BAL,0.0
2023,17,CAR,3.0
2023,17,CHI,13.889539832846674
2023,17,CLE,12.0
2023,17,DAL,0.0
2023,17,DEN,37.46984484420044
2023,17,DET,54.8101057099702
2023,17,GB,43.360441832602966
2023,17,HOU,6.0
2023,17,IND,0.0
2023,17,JAX,78.62418786806869
2023,17,KC,13.85227300428185
2023,17,LA,0.0
2023,17,LAC,68.08601007754852
2023,17,LV,0.6267855352732201
2023,17,MIA,77.93198151235731
2023,17,MIN,8.69675768021261
2023,17,NE,48.6421622691533
2023,17,NO,0.0
2023,17,NYG,0.0
2023,17,NYJ,0.04786110681016
2023,17,PHI,9.0
2023,17,PIT,27.0
2023,17,SEA,18.0
2023,17,SF,22.29817587580707
2023,17,TB,17.61777849763166
2023,17,TEN,0.0
2023,17,WAS,15.0
2023,18,ARI,0.0
2023,18,ATL,2.0
2023,18,BAL,67.2524366273131
2023,18,CAR,10.0
2023,18,CHI,15.889539832846674
2023,18,CIN,54.5683294738776
2023,18,CLE,95.53748459627485
2023,18,DEN,0.0
2023,18,DET,35.82488699423263
2023,18,GB,11.0
2023,18,HOU,6.0
2023,18,KC,253.64399166904326
2023,18,LA,42.070462967244374
2023,18,LAC,50.73066980479847
2023,18,LV,0.6267855352732201
2023,18,MIA,25.0
2023,18,MIN,8.69675768021261
2023,18,NE,13.6645983299493
2023,18,NO,0.0
2023,18,NYG,5.0
2023,18,NYJ,0.04786110681016
2023,18,PHI,68.6953665903441
2023,18,SEA,6.0
2023,18,SF,50.68674333030706
2023,18,TB,0.0
2023,18,TEN,0.0
2023,18,WAS,31.0
2023,19,BUF,20.6900578337947
2023,19,CLE,12.0
2023,19,DET,56.33040343735982
2023,19,GB,0.0
2023,19,HOU,25.0
2023,19,KC,0.0
2023,19,MIA,3.0
2023,19,PHI,55.8700271384892
2023,19,PIT,19.0
2023,19,TB,0.0
2024,1,ARI,0.0
2024,1,ATL,3.0
2024,1,BAL,22.0
2024,1,BUF,0.0
2024,1,CAR,2.10533442688757
2024,1,CHI,3.0
2024,1,CIN,26.4740228519108
2024,1,CLE,0.0
2024,1,DAL,0.0
2024,1,DET,14.0
2024,1,GB,0.0
2024,1,HOU,2.0
2024,1,IND,26.5076010227959
2024,1,KC,0.0
2024,1,LAC,15.3337787782895
2024,1,LV,22.0
2024,1,MIA,0.0
2024,1,NE,0.0
2024,1,NO,0.0
2024,1,NYJ,0.0
2024,1,PHI,11.0
2024,1,PIT,0.0
2024,1,SEA,13.46975368086714
2024,1,SF,18.0
2024,1,TB,1.0
2024,1,TEN,0.0
2024,1,WAS,0.56500370041012
2024,2,ATL,16.0
2024,2,BAL,0.0
2024,2,BUF,12.0
2024,2,CHI,0.0
2024,2,CIN,36.47709237442632
2024,2,CLE,0.0
2024,2,DAL,32.7524273186989
2024,2,DEN,0.0
2024,2,DET,18.0
2024,2,HOU,2.0
2024,2,IND,12.0
2024,2,JAX,0.0
2024,2,LA,9.99433434364619
2024,2,LAC,12.0
2024,2,LV,9.0
2024,2,MIA,15.949348473296311
2024,2,MIN,25.688075721810403
2024,2,NE,0.0
2024,2,NO,0.0
2024,2,NYG,9.0
2024,2,PIT,0.0
2024,2,SEA,13.46975368086714
2024,2,SF,29.84311111657453
2024,2,TB,41.0
2024,2,WAS,3.0
2024,3,BAL,0.0
2024,3,BUF,30.0
2024,3,CAR,1.0
2024,3,CHI,67.50210065844267
2024,3,CIN,39.00306952251552
2024,3,CLE,0.0
2024,3,DEN,13.0
2024,3,DET,14.0
2024,3,GB,0.0
2024,3,HOU,0.0
2024,3,JAX,10.2453422876705
2024,3,LA,18.820642915378947
2024,3,LAC,0.0
2024,3,LV,2.0
2024,3,MIA,15.949348473296311
2024,3,MIN,35.68807572181041
2024,3,NE,11.0
2024,3,NO,0.0
2024,3,NYG,9.0
2024,3,NYJ,20.0
2024,3,PHI,65.8728374935166
2024,3,PIT,8.23608873059857
2024,3,SEA,17.0
2024,3,SF,110.97979261493839
2024,3,TB,56.0
2024,3,WAS,9.0
2024,4,ARI,9.8028204253265
2024,4,ATL,0.0
2024,4,BAL,4.0
2024,4,BUF,30.0
2024,4,CAR,4.0
2024,4,CHI,5.0
2024,4,CIN,29.0
2024,4,CLE,0.0
2024,4,DAL,4.0
2024,4,DEN,0.0
2024,4,DET,13.0
2024,4,GB,0.0
2024,4,HOU,34.1424643563288
2024,4,IND,33.0
2024,4,JAX,20.2453422876705
2024,4,KC,13.0
2024,4,LA,8.826308571732758
2024,4,LAC,15.0
2024,4,LV,66.2588270690344
2024,4,MIA,10.0
2024,4,MIN,10.0
2024,4,NE,3.0
2024,4,NO,34.071494034456805
2024,4,NYG,5.0
2024,4,NYJ,8.0
2024,4,PHI,45.021787702106
2024,4,PIT,32.23608873059857
2024,4,SEA,39.0
2024,4,SF,14.0
2024,4,TB,41.0
2024,4,TEN,14.15889371134108
2024,4,WAS,14.320990374864891
2024,5,ARI,3.0
2024,5,ATL,1.0
2024,5,BAL,7.0
2024,5,BUF,71.74230551268262
2024,5,CAR,10.0
2024,5,CHI,5.0
2024,5,CIN,14.0
2024,5,CLE,25.863812261377465
2024,5,DAL,67.5361106742742
2024,5,DEN,0.0
2024,5,GB,35.47236206162566
2024,5,HOU,13.0
2024,5,IND,33.0
2024,5,KC,0.0
2024,5,LA,8.826308571732758
2024,5,LV,35.2588270690344
2024,5,MIA,4.0
2024,5,MIN,31.8228879730231
2024,5,NE,7.0
2024,5,NO,28.28167971515437
2024,5,NYG,0.0
2024,5,NYJ,13.0
2024,5,PIT,32.23608873059857
2024,5,SEA,0.0
2024,5,SF,10.33781061676564
2024,5,TB,41.0
2024,5,WAS,28.76490069614121
2024,6,ARI,0.0
2024,6,ATL,1.0
2024,6,BAL,11.0
2024,6,BUF,22.0
2024,6,CAR,35.105334426887566
2024,6,CHI,30.0
2024,6,CIN,0.0
2024,6,CLE,13.863812261377465
2024,6,DAL,39.0
2024,6,DEN,14.7002638015559
2024,6,DET,0.0
2024,6,GB,11.0
2024,6,HOU,7.28404303284284
2024,6,IND,0.0
2024,6,JAX,5.0
2024,6,LAC,9.0
2024,6,LV,31.258827069034403
2024,6,NE,0.0
2024,6,NO,33.52429171932445
2024,6,NYG,29.0
2024,6,NYJ,2.0
2024,6,PIT,50.23608873059857
2024,6,SEA,14.0
2024,6,SF,14.0
2024,6,TB,8.0
2024,6,TEN,0.0
2024,6,WAS,0.0
2024,7,ARI,0.0
2024,7,ATL,9.0
2024,7,BAL,4.0
2024,7,BUF,0.0
2024,7,CAR,36.0
2024,7,CLE,3.0
2024,7,DEN,3.0
2024,7,DET,0.0
2024,7,GB,11.0
2024,7,HOU,13.28404303284284
2024,7,IND,0.0
2024,7,KC,13.0
2024,7,LAC,23.153854887270636
2024,7,LV,22.163408301783278
2024,7,MIA,9.0
2024,7,MIN,16.0
2024,7,NE,0.0
2024,7,NO,84.88331420650296
2024,7,NYG,5.0
2024,7,NYJ,2.0
2024,7,PHI,15.688570197144834
2024,7,PIT,10.0
2024,7,SEA,18.0
2024,7,SF,7.91221397072993
2024,7,TB,3.69075510452967
2024,7,TEN,0.0
2024,7,WAS,15.0
2024,8,ARI,10.0
2024,8,ATL,16.0
2024,8,BAL,22.994751084518107
2024,8,BUF,31.76692682411459
2024,8,CAR,125.9197613989777
2024,8,CHI,17.0
2024,8,CLE,10.0
2024,8,DAL,62.0
2024,8,DEN,13.0
2024,8,DET,2.0
2024,8,GB,3.0
2024,8,HOU,9.0
2024,8,IND,0.0
2024,8,KC,13.0
2024,8,LA,0.0
2024,8,LAC,6.1538548872706365
2024,8,LV,0.0
2024,8,MIA,27.0
2024,8,MIN,7.0
2024,8,NE,0.0
2024,8,NO,7.749183474988097
2024,8,NYG,10.0
2024,8,NYJ,24.90734788257396
2024,8,PHI,15.688570197144834
2024,8,PIT,10.0
2024,8,SEA,42.6452170511991
2024,8,SF,10.91221397072993
2024,8,TB,56.088503656353
2024,8,TEN,6.0
2024,8,WAS,0.0
2024,9,ARI,0.0
2024,9,ATL,0.0
2024,9,BAL,6.0
2024,9,BUF,1.660361902788281
2024,9,CAR,75.96481851397726
2024,9,CHI,9.0
2024,9,CIN,26.4740228519108
2024,9,CLE,22.0
2024,9,DAL,62.0
2024,9,DEN,13.0
2024,9,DET,4.050586779136211
2024,9,GB,0.0
2024,9,HOU,9.0
2024,9,IND,0.0
2024,9,JAX,21.040508662318143
2024,9,KC,13.0
2024,9,LA,2.0
2024,9,LAC,3.32315545763066
2024,9,LV,0.0
2024,9,MIA,36.0
2024,9,MIN,7.0
2024,9,NO,5.50657147081802
2024,9,NYG,0.0
2024,9,NYJ,32.90734788257396
2024,9,PHI,21.688570197144834
2024,9,SEA,54.3696866226317
2024,9,TB,56.088503656353
2024,9,TEN,6.0
2024,9,WAS,0.0
2024,10,ARI,0.0
2024,10,ATL,0.0
2024,10,BAL,38.1941993946376
2024,10,BUF,0.0
2024,10,CAR,60.96481851397727
2024,10,CHI,9.0
2024,10,CIN,29.95022960164667
2024,10,DAL,160.8856225139076
2024,10,DEN,0.0
2024,10,DET,21.532907541259195
2024,10,HOU,14.0
2024,10,IND,28.0897844796588
2024,10,JAX,0.0
2024,10,KC,0.0
2024,10,LA,2.0
2024,10,LAC,0.0
2024,10,MIA,0.0
2024,10,NE,19.0
2024,10,NO,43.3984927947194
2024,10,NYG,29.1937589205565
2024,10,NYJ,8.0
2024,10,PIT,20.0
2024,10,SF,30.33781061676564
2024,10,TB,54.088503656353
2024,10,TEN,6.0
2024,10,WAS,3.0
2024,11,ATL,11.60738242219668
2024,11,BAL,10.0
2024,11,BUF,20.5995076311643
2024,11,CHI,0.0
2024,11,CIN,3.47620674973587
2024,11,CLE,0.0
2024,11,DAL,173.34357168975623
2024,11,DEN,14.7002638015559
2024,11,DET,54.56608486855576
2024,11,GB,1.0
2024,11,HOU,14.0
2024,11,IND,0.0
2024,11,JAX,1.325555904500008
2024,11,KC,18.0
2024,11,LA,2.0
2024,11,LV,7.0
2024,11,MIA,6.0
2024,11,MIN,0.0
2024,11,NO,0.0
2024,11,NYJ,8.0
2024,11,PIT,34.23608873059857
2024,11,SEA,11.7244695714326
2024,11,SF,20.0
2024,11,TEN,6.0
2024,11,WAS,3.0
2024,12,ARI,16.0
2024,12,BAL,7.0
2024,12,CAR,0.0
2024,12,CHI,0.0
2024,12,CLE,6.6409618902544
2024,12,DAL,36.7524273186989
2024,12,DEN,14.7002638015559
2024,12,DET,0.0
2024,12,GB,2.0
2024,12,HOU,0.0
2024,12,IND,0.0
2024,12,KC,18.0
2024,12,LA,0.0
2024,12,LAC,1.0
2024,12,LV,7.0
2024,12,MIA,6.0
2024,12,MIN,4.2262307392084
2024,12,NE,0.0
2024,12,PHI,34.021787702106
2024,12,PIT,24.0
2024,12,SEA,0.0
2024,12,SF,200.1810510600553
2024,12,TB,0.0
2024,12,TEN,8.0
2024,12,WAS,3.0
2024,13,ATL,0.0
2024,13,BAL,36.68457635681261
2024,13,BUF,12.5995076311643
2024,13,CAR,0.0
2024,13,CHI,0.0
2024,13,CIN,17.47620674973587
2024,13,CLE,0.0
2024,13,DAL,32.7524273186989
2024,13,DEN,0.0
2024,13,DET,39.26919453513023
2024,13,GB,26.1105666056188
2024,13,HOU,2.0
2024,13,IND,26.5076010227959
2024,13,JAX,0.0
2024,13,KC,0.0
2024,13,LA,18.8050713778086
2024,13,LAC,13.0
2024,13,LV,7.0
2024,13,MIA,8.0
2024,13,MIN,4.2262307392084
2024,13,NE,0.0
2024,13,NO,0.0
2024,13,NYG,1.0
2024,13,NYJ,0.0
2024,13,PHI,6.0
2024,13,PIT,26.0
2024,13,SEA,8.0
2024,13,SF,42.0
2024,13,TB,27.0
2024,13,TEN,2.0
2024,13,WAS,3.0
2024,14,ARI,0.0
2024,14,ATL,0.0
2024,14,CAR,0.0
2024,14,CHI,0.0
2024,14,CIN,14.0
2024,14,CLE,6.0
2024,14,DAL,0.0
2024,14,DET,6.0
2024,14,GB,29.1105666056188
2024,14,LA,18.8050713778086
2024,14,LAC,1.0
2024,14,LV,7.0
2024,14,MIN,8.0
2024,14,NO,18.77510824433635
2024,14,NYG,27.0
2024,14,NYJ,10.0
2024,14,PHI,30.249164388687994
2024,14,PIT,2.0
2024,14,SEA,12.0
2024,14,SF,34.41469353882712
2024,14,TB,7.0
2024,14,TEN,0.0
2024,15,ARI,3.48146039084531
2024,15,ATL,1.0
2024,15,BUF,17.0
2024,15,CAR,0.0
2024,15,CHI,5.0
2024,15,CIN,14.0
2024,15,CLE,0.0
2024,15,DAL,0.0
2024,15,DEN,0.0
2024,15,DET,0.0
2024,15,GB,14.0297873275131
2024,15,HOU,0.0
2024,15,IND,0.0
2024,15,JAX,10.2453422876705
2024,15,KC,0.0
2024,15,LA,18.8050713778086
2024,15,LAC,8.72214725561207
2024,15,LV,33.0
2024,15,MIA,0.0
2024,15,NE,0.0
2024,15,NO,7.749183474988097
2024,15,NYG,25.0
2024,15,NYJ,13.53986088372123
2024,15,PHI,0.560594191543159
2024,15,PIT,40.33216363560459
2024,15,SEA,15.0
2024,15,SF,0.0
2024,15,TB,35.0
2024,15,WAS,19.76490069614121
2024,16,ARI,11.0
2024,16,ATL,0.0
2024,16,BAL,25.9781533297791
2024,16,CAR,0.0
2024,16,CHI,0.0
2024,16,CIN,36.00306952251552
2024,16,CLE,5.0
2024,16,DAL,8.85487076992285
2024,16,DEN,7.85041184804706
2024,16,DET,7.585857664274874
2024,16,GB,8.0
2024,16,HOU,0.0
2024,16,IND,25.1916585591053
2024,16,KC,3.0
2024,16,LAC,13.72214725561207
2024,16,LV,0.0
2024,16,MIA,45.26743109439637
2024,16,MIN,3.0
2024,16,NE,0.0
2024,16,NO,53.459896302108746
2024,16,NYG,24.0
2024,16,NYJ,2.0
2024,16,PHI,20.56059419154316
2024,16,PIT,32.33216363560459
2024,16,SEA,7.0
2024,16,SF,0.0
2024,16,TB,45.5909822396063
2024,16,TEN,0.0
2024,16,WAS,11.0
2024,17,ARI,7.0
2024,17,ATL,3.0
2024,17,BAL,17.8710112944823
2024,17,CAR,10.0
2024,17,CHI,0.0
2024,17,CIN,36.00306952251552
2024,17,CLE,9.0
2024,17,DAL,111.90834425777875
2024,17,DET,35.37273143728212
2024,17,GB,10.0
2024,17,HOU,0.0
2024,17,JAX,0.0
2024,17,KC,3.0
2024,17,LAC,2.053
2024,17,LV,0.0
2024,17,MIA,8.0
2024,17,MIN,3.0
2024,17,NE,0.0
2024,17,NO,10.061403507389347
2024,17,NYG,10.0
2024,17,NYJ,5.0
2024,17,PHI,85.23391025157547
2024,17,PIT,3.0
2024,17,SEA,3.0
2024,17,SF,5.0
2024,17,TB,45.5909822396063
2024,17,TEN,0.0
2024,17,WAS,10.355138848652134
2024,18,ARI,0.0
2024,18,BAL,0.0
2024,18,BUF,22.0
2024,18,CAR,13.0
2024,18,CIN,12.0
2024,18,CLE,15.0
2024,18,DEN,0.0
2024,18,DET,2.1035369021518893
2024,18,GB,10.0
2024,18,HOU,27.0
2024,18,IND,7.1238956263345905
2024,18,JAX,0.0
2024,18,KC,203.68129621537173
2024,18,LA,147.60104389661072
2024,18,LAC,9.68000524278815
2024,18,LV,0.0
2024,18,MIA,84.5459855376624
2024,18,MIN,2.0
2024,18,NE,15.0
2024,18,NO,12.567974978207367
2024,18,NYG,11.0
2024,18,NYJ,7.0
2024,18,PHI,213.56794125565492
2024,18,PIT,4.0
2024,18,SEA,2.0
2024,18,SF,216.92015522866603
2024,18,TB,58.5909822396063
2024,18,TEN,23.192420358472624
2024,18,WAS,3.0
2024,19,BAL,33.24172534475881
2024,19,DEN,0.0
2024,19,GB,0.3617954560068599
2024,19,HOU,0.0
2024,19,LAC,11.68000524278815
2024,19,MIN,2.0
2024,19,PHI,0.0
2024,19,PIT,4.0
2024,19,TB,5.0
2024,19,WAS,0.0
2024,20,BAL,33.24172534475881
2024,20,DET,0.0
2024,20,KC,0.37257869082094297
2024,20,LA,0.0
2024,20,PHI,0.0
2024,20,WAS,0.0
2024,21,BUF,4.0
2024,21,PHI,0.560594191543159
2024,21,WAS,0.0
2024,22,KC,0.0
2024,22,PHI,0.560594191543159
2025,1,ARI,0.0
2025,1,ATL,0.0
2025,1,BAL,29.66726770425378
2025,1,BUF,3.0
2025,1,CAR,30.38531243049385
2025,1,CHI,19.0
2025,1,CIN,0.0
2025,1,CLE,2.0
2025,1,DAL,0.388467519311234
2025,1,DEN,19.44809957276448
2025,1,DET,12.77780469047139
2025,1,GB,0.0
2025,1,HOU,9.87163074874614
2025,1,IND,0.0
2025,1,JAX,3.0
2025,1,KC,10.0
2025,1,LA,0.0
2025,1,LAC,0.0
2025,1,LV,0.0
2025,1,MIA,8.0
2025,1,MIN,11.0
2025,1,NE,17.0
2025,1,NO,16.35849248926388
2025,1,NYG,0.0
2025,1,NYJ,5.0
2025,1,PHI,11.67488771805591
2025,1,PIT,2.0
2025,1,SEA,6.947602115324225
2025,1,SF,9.411481655762934
2025,1,TB,56.610473649090636
2025,1,TEN,0.0
2025,1,WAS,0.0
2025,2,ARI,0.412867681123316
2025,2,ATL,2.950796763063408
2025,2,BAL,29.66726770425378
2025,2,BUF,12.0
2025,2,CAR,45.385312430493855
2025,2,CHI,9.0
2025,2,CIN,0.0
2025,2,CLE,2.0
2025,2,DAL,2.0
2025,2,DEN,19.44809957276448
2025,2,DET,12.77780469047139
2025,2,GB,10.0
2025,2,HOU,14.494966930489209
2025,2,IND,8.0
2025,2,JAX,3.0
2025,2,KC,32.31549797122028
2025,2,LA,3.19863561993322
2025,2,LAC,11.0
2025,2,LV,0.0
2025,2,MIA,8.0
2025,2,MIN,40.0
2025,2,NE,31.0
2025,2,NO,26.35849248926388
2025,2,NYG,15.0
2025,2,NYJ,16.287608537243457
2025,2,PHI,19.3662372463054
2025,2,PIT,16.0
2025,2,SEA,5.0840226408326945
2025,2,SF,170.09239034901117
2025,2,TB,51.610473649090636
2025,2,TEN,4.0
2025,2,WAS,0.0
2025,3,ARI,15.0
2025,3,ATL,8.950796763063408
2025,3,BAL,73.66726770425379
2025,3,BUF,12.0
2025,3,CAR,61.385312430493855
2025,3,CHI,38.0
2025,3,CIN,141.1797743529229
2025,3,CLE,2.0
2025,3,DAL,2.0
2025,3,DEN,10.36718458760879
2025,3,DET,4.962185593380131
2025,3,GB,48.255121236089856
2025,3,HOU,25.16149988929676
2025,3,IND,8.0
2025,3,JAX,0.0
2025,3,KC,46.31549797122028
2025,3,LA,3.0
2025,3,LAC,40.4636899360343
2025,3,LV,0.0
2025,3,MIA,10.0
2025,3,MIN,9.0
2025,3,NE,17.0
2025,3,NO,26.35849248926388
2025,3,NYG,20.0
2025,3,NYJ,31.31510528011934
2025,3,PHI,11.67488771805591
2025,3,PIT,30.0
2025,3,SEA,16.236789468792267
2025,3,SF,73.0850641286005
2025,3,TB,68.61047364909064
2025,3,TEN,4.0
2025,3,WAS,164.20625296131618
2025,4,ARI,23.78470200497389
2025,4,ATL,16.25685050128959
2025,4,BAL,22.96076797088608
2025,4,BUF,12.0
2025,4,CAR,71.9628790779731
2025,4,CHI,34.0
2025,4,CIN,137.69350681210378
2025,4,CLE,2.0
2025,4,DAL,15.943691202707491
2025,4,DEN,10.36718458760879
2025,4,DET,8.02144657686586
2025,4,GB,48.255121236089856
2025,4,HOU,25.16149988929676
2025,4,IND,58.3030859059619
2025,4,JAX,0.0
2025,4,KC,21.0
2025,4,LA,3.0
2025,4,LAC,32.8518602272383
2025,4,LV,0.0
2025,4,MIA,8.0
2025,4,MIN,40.0
2025,4,NE,11.0
2025,4,NO,26.35849248926388
2025,4,NYG,28.0
2025,4,NYJ,22.0
2025,4,PHI,17.0
2025,4,PIT,20.0
2025,4,SEA,1.084022640832695
2025,4,SF,96.0850641286005
2025,4,TB,75.08907371915846
2025,4,TEN,8.33750917803263
2025,4,WAS,231.84379953538536
2025,5,ARI,25.78470200497389
2025,5,BAL,242.8923128141214
2025,5,BUF,2.0
2025,5,CAR,68.98188234784146
2025,5,CIN,131.1797743529229
2025,5,CLE,2.0
2025,5,DAL,34.33143829360566
2025,5,DEN,14.8615919186559
2025,5,DET,19.02144657686586
2025,5,HOU,31.16149988929676
2025,5,IND,62.29450677804763
2025,5,JAX,0.0
2025,5,KC,10.0
2025,5,LA,7.95815538212698
2025,5,LAC,17.388170291204
2025,5,LV,0.0
2025,5,MIA,37.55152708595424
2025,5,MIN,40.0
2025,5,NE,21.0
2025,5,NO,39.30350308449124
2025,5,NYG,57.17086900682881
2025,5,NYJ,17.47929493892923
2025,5,PHI,26.0
2025,5,SEA,28.236789468792267
2025,5,SF,245.52907731613212
2025,5,TB,115.53942511371267
2025,5,TEN,8.33750917803263
2025,5,WAS,114.47067650171599
2025,6,ARI,26.197569686097207
2025,6,ATL,52.48317034816338
2025,6,BAL,221.1150487443556
2025,6,BUF,6.0
2025,6,CAR,21.94600803930171
2025,6,CHI,19.0
2025,6,CIN,131.1797743529229
2025,6,CLE,2.0
2025,6,DAL,37.33143829360566
2025,6,DEN,17.8615919186559
2025,6,DET,19.02144657686586
2025,6,GB,78.56996650956683
2025,6,IND,21.99142087208573
2025,6,JAX,18.9472138588974
2025,6,KC,10.0
2025,6,LA,3.0
2025,6,LAC,21.388170291204
2025,6,LV,26.243329194802552
2025,6,MIA,50.85063427769815
2025,6,NE,27.0
2025,6,NO,26.30350308449124
2025,6,NYG,73.50358130323625
2025,6,NYJ,46.39473145654828
2025,6,PHI,30.8945994717069
2025,6,PIT,30.1411953166755
2025,6,SEA,51.23678946879227
2025,6,SF,217.2892712014821
2025,6,TB,148.58643239129066
2025,6,TEN,25.33750917803263
2025,6,WAS,114.47067650171599
2025,7,ARI,33.210976517814665
2025,7,ATL,16.99302467789936
2025,7,CAR,22.94600803930171
2025,7,CHI,13.0
2025,7,CIN,172.0841932175936
2025,7,CLE,2.0
2025,7,DAL,12.0
2025,7,DEN,17.8615919186559
2025,7,DET,37.02144657686586
2025,7,GB,86.56996650956683
2025,7,HOU,33.58192632647461
2025,7,IND,36.7162665132867
2025,7,JAX,29.28160198421576
2025,7,KC,10.0
2025,7,LA,57.49102076017677
2025,7,LAC,13.0
2025,7,LV,26.243329194802552
2025,7,MIA,35.85063427769815
2025,7,MIN,31.0
2025,7,NE,6.0
2025,7,NO,19.30350308449124
2025,7,NYG,87.50358130323625
2025,7,NYJ,39.644252848381925
2025,7,PHI,30.8945994717069
2025,7,PIT,26.1411953166755
2025,7,SEA,21.084022640832696
2025,7,SF,236.27256427127907
2025,7,TB,104.06082504364484
2025,7,TEN,47.20021759300106
2025,7,WAS,110.47067650171599
2025,8,ATL,13.33391802990809
2025,8,BAL,211.93154484323532
2025,8,BUF,46.325709030051996
2025,8,CAR,22.94600803930171
2025,8,CHI,55.27983966025539
2025,8,CIN,164.94734980920828
2025,8,CLE,2.0
2025,8,DAL,43.0
2025,8,DEN,7.8615919186559005
2025,8,DET,37.96218559338013
2025,8,GB,56.255121236089856
2025,8,HOU,76.41479465719351
2025,8,IND,8.0
2025,8,KC,10.0
2025,8,LA,22.371860244803912
2025,8,LAC,5.376808428089131
2025,8,MIA,37.158549443762325
2025,8,MIN,31.0
2025,8,NE,6.0
2025,8,NO,19.30350308449124
2025,8,NYG,81.17086900682881
2025,8,NYJ,61.75480298482121
2025,8,PHI,99.81116601604731
2025,8,PIT,6.49280000955332
2025,8,SF,165.3443434572868
2025,8,TB,146.58643239129066
2025,8,TEN,44.20021759300106
2025,8,WAS,179.20625296131618
2025,9,ARI,16.197569686097207
2025,9,ATL,16.2847147929715
2025,9,BAL,28.0
2025,9,BUF,58.325709030051996
2025,9,CAR,22.94600803930171
2025,9,CHI,16.15788759383119
2025,9,CIN,209.94734980920828
2025,9,DAL,46.0
2025,9,DEN,40.776502608993255
2025,9,GB,56.255121236089856
2025,9,HOU,25.16149988929676
2025,9,IND,1.88861330680083
2025,9,JAX,45.03013467036776
2025,9,KC,10.0
2025,9,LAC,18.37680842808913
2025,9,LV,0.0
2025,9,MIA,47.09256474831099
2025,9,MIN,16.9629748433945
2025,9,NE,6.0
2025,9,NO,19.30350308449124
2025,9,NYG,87.51845641561778
2025,9,PIT,23.49280000955332
2025,9,SEA,22.006601294573745
2025,9,SF,68.33701723687612
2025,9,TEN,67.86270841496844
2025,9,WAS,124.47067650171599
2025,10,ARI,110.78518357607962
2025,10,ATL,32.33391802990809
2025,10,BAL,28.0
2025,10,BUF,48.0
2025,10,CAR,22.94600803930171
2025,10,CHI,40.0
2025,10,CLE,2.0
2025,10,DEN,36.776502608993255
2025,10,DET,39.96218559338013
2025,10,GB,99.76818977579524
2025,10,HOU,42.16149988929676
2025,10,IND,19.888613306800828
2025,10,JAX,90.01725619625469
2025,10,LA,19.371860244803912
2025,10,LAC,14.37680842808913
2025,10,LV,0.0
2025,10,MIA,47.85063427769815
2025,10,MIN,16.9629748433945
2025,10,NE,34.7365254341252
2025,10,NO,19.30350308449124
2025,10,NYG,84.17086900682881
2025,10,NYJ,16.287608537243457
2025,10,PHI,27.0
2025,10,PIT,20.49280000955332
2025,10,SEA,42.00660129457375
2025,10,SF,61.33701723687612
2025,10,TB,146.58643239129066
2025,10,WAS,247.20690554653942
2025,11,ARI,144.7783143944322
2025,11,ATL,36.33391802990809
2025,11,BAL,110.82650392516203
2025,11,BUF,46.8060489395355
2025,11,CAR,28.94600803930171
2025,11,CHI,37.0
2025,11,CIN,220.01860578938516
2025,11,CLE,4.0
2025,11,DAL,18.0
2025,11,DEN,29.94250690381159
2025,11,DET,66.66699873400107
2025,11,GB,91.76818977579524
2025,11,HOU,35.53816370755369
2025,11,JAX,33.20681093104237
2025,11,KC,10.0
2025,11,LA,19.371860244803912
2025,11,LAC,1.3768084280891304
2025,11,LV,0.0
2025,11,MIA,33.85063427769815
2025,11,MIN,32.0
2025,11,NE,59.441258121095
2025,11,NYG,108.50358130323625
2025,11,NYJ,38.93186138562538
2025,11,PHI,12.0
2025,11,PIT,27.0
2025,11,SEA,29.143021820082215
2025,11,SF,52.140136384405196
2025,11,TB,146.58643239129066
2025,11,TEN,15.33750917803263
2025,11,WAS,248.6563922286727
2025,12,ARI,153.79172122614963
2025,12,ATL,62.49972621821249
2025,12,BAL,72.98197911099561
2025,12,BUF,56.77856598987255
2025,12,CAR,33.94600803930171
2025,12,CHI,48.15788759383119
2025,12,CIN,230.01860578938516
2025,12,CLE,4.0
2025,12,DAL,9.0
2025,12,DET,60.66699873400107
2025,12,GB,96.76818977579524
2025,12,HOU,35.53816370755369
2025,12,IND,15.0
2025,12,JAX,89.0700423373573
2025,12,KC,10.0
2025,12,LA,28.330015626930894
2025,12,LV,0.0
2025,12,MIN,0.0
2025,12,NE,23.0
2025,12,NO,19.30350308449124
2025,12,NYG,81.17086900682881
2025,12,NYJ,38.93186138562538
2025,12,PHI,12.0
2025,12,PIT,25.0
2025,12,SEA,32.14302182008222
2025,12,SF,52.140136384405196
2025,12,TB,114.53942511371267
2025,12,TEN,41.20021759300106
2025,13,ARI,122.48284405696123
2025,13,ATL,62.49972621821249
2025,13,BAL,44.844524814166434
2025,13,BUF,49.972517050337046
2025,13,CAR,34.94600803930171
2025,13,CHI,45.15788759383119
2025,13,CIN,107.4012959927986
2025,13,CLE,4.0
2025,13,DAL,9.0
2025,13,DEN,16.94250690381159
2025,13,DET,75.05423227378003
2025,13,GB,105.76818977579524
2025,13,HOU,30.53816370755369
2025,13,IND,15.0
2025,13,JAX,30.0
2025,13,KC,36.69238320583825
2025,13,LA,30.330015626930894
2025,13,LAC,1.3768084280891304
2025,13,LV,0.0
2025,13,MIA,33.85063427769815
2025,13,MIN,0.0
2025,13,NE,22.0
2025,13,NO,19.30350308449124
2025,13,NYG,72.17086900682881
2025,13,NYJ,38.93186138562538
2025,13,PHI,12.0
2025,13,PIT,11.0
2025,13,SEA,29.143021820082215
2025,13,SF,60.140136384405196
2025,13,TB,70.08907371915846
2025,13,TEN,34.20021759300106
2025,13,WAS,179.56935897247024
