game_id,season,game_type,week,gameday,weekday,gametime,away_team,away_score,home_team,home_score,location,result,total,overtime,old_game_id,gsis,nfl_detail_id,pfr,pff,espn,ftn,away_rest,home_rest,away_moneyline,home_moneyline,spread_line,away_spread_odds,home_spread_odds,over_hit,total_line,under_odds,over_odds,div_game,roof,surface,temp,wind,away_qb_id,home_qb_id,away_qb_name,home_qb_name,away_coach,home_coach,referee,stadium_id,stadium,home_season,home_week,home_avg_attempts,home_avg_completions,home_avg_passing_yards,home_avg_passing_tds,home_avg_passing_interceptions,home_avg_sacks_suffered,home_avg_sack_fumbles,home_avg_passing_first_downs,home_avg_passing_2pt_conversions,home_avg_passing_epa,home_avg_carries,home_avg_rushing_yards,home_avg_rushing_tds,home_avg_rushing_epa,home_avg_rushing_fumbles,home_avg_rushing_first_downs,home_avg_receiving_epa,home_avg_fg_made,home_avg_fg_att,home_avg_penalty_yards,home_avg_pat_made,home_avg_pat_att,home_avg_fumble_recovery_own,home_avg_fumble_recovery_opp,home_avg_points_scored,home_avg_points_allowed,home_avg_total_yards_allowed,home_avg_passing_yards_allowed,home_avg_rushing_yards_allowed,home_avg_passing_interceptions_forced,home_avg_rushing_fumbles_forced,away_season,away_week,away_avg_attempts,away_avg_completions,away_avg_passing_yards,away_avg_passing_tds,away_avg_passing_interceptions,away_avg_sacks_suffered,away_avg_sack_fumbles,away_avg_passing_first_downs,away_avg_passing_2pt_conversions,away_avg_passing_epa,away_avg_carries,away_avg_rushing_yards,away_avg_rushing_tds,away_avg_rushing_epa,away_avg_rushing_fumbles,away_avg_rushing_first_downs,away_avg_receiving_epa,away_avg_fg_made,away_avg_fg_att,away_avg_penalty_yards,away_avg_pat_made,away_avg_pat_att,away_avg_fumble_recovery_own,away_avg_fumble_recovery_opp,away_avg_points_scored,away_avg_points_allowed,away_avg_total_yards_allowed,away_avg_passing_yards_allowed,away_avg_rushing_yards_allowed,away_avg_passing_interceptions_forced,away_avg_rushing_fumbles_forced
2016_02_ATL_OAK,2016,REG,2,2016-09-18,Sunday,16:25,ATL,35,LV,28,Home,-7,63,0,2016091811,56929,,201609180rai,4113.0,400874525,,7,7,175,-195,4.0,-104,-106,1,47.5,102,-113,0,outdoors,grass,79,7,00-0026143,00-0031280,Matt Ryan,Derek Carr,Dan Quinn,Jack Del Rio,Clete Blakeman,OAK00,Oakland-Alameda County Coliseum,2016,2,38.0,24.0,319.0,1.0,0.0,0.0,0.0,15.0,2.0,11.65567358,26.0,167.0,3.0,6.418946429,0.0,8.0,13.32113844,2.0,2.0,141.0,1.0,1.0,0.0,1.0,35.0,34.0,511.0,423.0,88.0,0.0,0.0,2016,2,39.0,27.0,334.0,2.0,0.0,3.0,0.0,16.0,1.0,8.989940663,22.0,52.0,0.0,-7.65344417,0.0,2.0,12.27073464,3.0,3.0,74.0,1.0,1.0,0.0,0.0,24.0,31.0,371.0,281.0,90.0,1.0,0.0
2016_02_BAL_CLE,2016,REG,2,2016-09-18,Sunday,13:00,BAL,25,CLE,20,Home,-5,45,0,2016091801,56919,,201609180cle,4119.0,400874512,,7,7,-190,171,-4.0,102,-113,1,42.0,-113,102,1,outdoors,grass,74,7,00-0026158,00-0021206,Joe Flacco,Josh McCown,John Harbaugh,Hue Jackson,John Hussey,CLE00,FirstEnergy Stadium,2016,2,26.0,12.0,190.0,0.0,1.0,3.0,1.0,7.0,0.0,-10.98721723,21.0,120.0,1.0,-7.404592002,0.0,7.0,-6.894189102,1.0,1.0,15.0,1.0,1.0,1.0,0.0,10.0,29.0,411.0,278.0,133.0,0.0,1.0,2016,2,33.0,22.0,258.0,1.0,0.0,4.0,0.0,11.0,0.0,3.035202486,28.0,83.0,0.0,-11.25531846,1.0,5.0,10.12166456,2.0,2.0,35.0,1.0,1.0,0.0,0.0,13.0,7.0,176.0,111.0,65.0,0.0,0.0
2016_02_CIN_PIT,2016,REG,2,2016-09-18,Sunday,13:00,CIN,16,PIT,24,Home,8,40,0,2016091806,56924,,201609180pit,4124.0,400874487,,7,6,146,-162,3.0,-103,-107,0,48.0,105,-116,1,outdoors,grass,72,4,00-0027973,00-0022924,Andy Dalton,Ben Roethlisberger,Marvin Lewis,Mike Tomlin,Peter Morelli,PIT00,Heinz Field,2016,2,37.0,27.0,300.0,3.0,1.0,1.0,1.0,14.0,0.0,14.94651291,30.0,147.0,2.0,6.142958823,0.0,10.0,16.93597463,1.0,1.0,81.0,5.0,5.0,2.0,0.0,38.0,16.0,384.0,329.0,55.0,2.0,0.0,2016,2,30.0,23.0,366.0,1.0,1.0,7.0,0.0,11.0,0.0,7.580591669,19.0,57.0,1.0,-2.423318121,0.0,5.0,17.83427488,3.0,4.0,44.0,2.0,2.0,0.0,0.0,23.0,22.0,341.0,189.0,152.0,1.0,1.0
2016_02_DAL_WAS,2016,REG,2,2016-09-18,Sunday,13:00,DAL,27,WAS,23,Home,-4,50,0,2016091807,56925,,201609180was,4125.0,400874518,,7,6,166,-185,3.5,-108,-102,1,47.0,-105,-105,1,outdoors,grass,81,6,00-0033077,00-0029604,Dak Prescott,Kirk Cousins,Jason Garrett,Jay Gruden,Bill Vinovich,WAS00,FedExField,2016,2,43.0,30.0,329.0,0.0,2.0,0.0,0.0,14.0,0.0,1.344470302,12.0,55.0,1.0,-3.31976912,0.0,3.0,1.344470302,3.0,3.0,55.0,1.0,1.0,1.0,0.0,16.0,38.0,447.0,300.0,147.0,1.0,0.0,2016,2,45.0,25.0,227.0,0.0,0.0,0.0,0.0,13.0,0.0,1.513199541,30.0,101.0,1.0,-2.155514118,0.0,10.0,1.724295389,4.0,4.0,50.0,1.0,1.0,0.0,0.0,19.0,20.0,320.0,207.0,113.0,1.0,0.0
2016_02_GB_MIN,2016,REG,2,2016-09-18,Sunday,20:30,GB,14,MIN,17,Home,3,31,0,2016091813,56931,,201609180min,4115.0,400874545,,7,7,-119,108,-1.5,-107,-103,0,43.0,-105,-105,1,dome,sportturf,59,0,00-0023459,00-0027854,Aaron Rodgers,Sam Bradford,Mike McCarthy,Mike Zimmer,Walt Anderson,MIN01,U.S. Bank Stadium,2016,2,33.0,18.0,236.0,0.0,0.0,0.0,0.0,12.0,0.0,9.699394287,28.0,65.0,0.0,-9.531635031,0.0,3.0,9.699394287,4.0,6.0,39.0,1.0,2.0,0.0,2.0,25.0,16.0,335.0,271.0,64.0,1.0,2.0,2016,2,34.0,20.0,199.0,2.0,0.0,1.0,0.0,10.0,0.0,7.072303701,25.0,95.0,1.0,1.589160398,0.0,6.0,7.76555365,2.0,2.0,24.0,3.0,3.0,1.0,0.0,27.0,23.0,368.0,320.0,48.0,1.0,0.0
2016_02_IND_DEN,2016,REG,2,2016-09-18,Sunday,16:25,IND,20,DEN,34,Home,14,54,0,2016091810,56928,,201609180den,4112.0,400874526,,7,10,200,-224,5.0,-105,-105,1,47.0,-106,-104,0,outdoors,grass,85,4,00-0029668,00-0032156,Andrew Luck,Trevor Siemian,Chuck Pagano,Gary Kubiak,Walt Coleman,DEN00,Sports Authority Field at Mile High,2016,2,26.0,18.0,178.0,1.0,2.0,2.0,0.0,11.0,0.0,-2.847240664,29.0,148.0,2.0,2.989609957,1.0,9.0,0.145560825,0.0,0.0,22.0,3.0,3.0,0.0,0.0,21.0,20.0,351.0,194.0,157.0,1.0,0.0,2016,2,47.0,31.0,385.0,4.0,0.0,2.0,0.0,17.0,1.0,17.35027004,19.0,82.0,0.0,1.750175421,0.0,6.0,19.34688079,2.0,2.0,45.0,3.0,3.0,0.0,0.0,35.0,39.0,456.0,340.0,116.0,0.0,0.0
2016_02_JAX_SD,2016,REG,2,2016-09-18,Sunday,16:25,JAX,14,LAC,38,Home,24,52,0,2016091812,56930,,201609180sdg,4114.0,400874517,,7,7,131,-145,3.0,-115,104,1,47.5,-106,-104,0,outdoors,grass,82,7,00-0031407,00-0022942,Blake Bortles,Philip Rivers,Gus Bradley,Mike McCoy,Carl Cheffers,SDG00,Qualcomm Stadium,2016,2,36.0,25.0,243.0,1.0,0.0,1.0,0.0,12.0,0.0,9.148071904,32.0,155.0,2.0,4.566331355,0.0,10.0,9.96794513,2.0,3.0,30.0,3.0,3.0,0.0,0.0,27.0,33.0,446.0,363.0,83.0,1.0,0.0,2016,2,39.0,24.0,320.0,1.0,1.0,3.0,0.0,14.0,0.0,4.335432549,26.0,48.0,1.0,-5.827908467,0.0,4.0,9.944035097,3.0,3.0,79.0,2.0,2.0,1.0,0.0,23.0,27.0,294.0,199.0,95.0,0.0,0.0
2016_02_KC_HOU,2016,REG,2,2016-09-18,Sunday,13:00,KC,12,HOU,19,Home,7,31,0,2016091803,56921,,201609180htx,4121.0,400874549,,7,7,-107,-103,-1.0,-100,-110,0,41.5,-105,-105,0,closed,fieldturf,59,0,00-0023436,00-0029682,Alex Smith,Brock Osweiler,Andy Reid,Bill O'Brien,Tony Corrente,HOU00,NRG Stadium,2016,2,35.0,22.0,231.0,2.0,1.0,2.0,0.0,12.0,0.0,4.643802836,35.0,129.0,0.0,-3.841278134,1.0,5.0,7.294105189,3.0,3.0,69.0,2.0,2.0,1.0,0.0,23.0,14.0,289.0,216.0,73.0,1.0,1.0,2016,2,48.0,34.0,363.0,2.0,1.0,3.0,0.0,19.0,0.0,6.229739469,19.0,83.0,2.0,2.459499392,0.0,6.0,13.43601217,2.0,2.0,46.0,3.0,3.0,0.0,0.0,33.0,27.0,398.0,243.0,155.0,0.0,0.0
2016_02_MIA_NE,2016,REG,2,2016-09-18,Sunday,13:00,MIA,24,NE,31,Home,7,55,0,2016091804,56922,,201609180nwe,4122.0,400874541,,7,7,205,-230,5.5,-108,-102,1,42.0,-107,-103,1,outdoors,fieldturf,79,10,00-0029701,00-0031345,Ryan Tannehill,Jimmy Garoppolo,Adam Gase,Bill Belichick,Craig Wrolstad,BOS00,Gillette Stadium,2016,2,33.0,24.0,264.0,1.0,0.0,2.0,1.0,11.0,0.0,13.3174945,31.0,106.0,1.0,-5.738216456,2.0,9.0,17.88643085,3.0,3.0,69.0,2.0,2.0,1.0,0.0,23.0,21.0,363.0,271.0,92.0,0.0,1.0,2016,2,29.0,16.0,186.0,0.0,0.0,5.0,1.0,7.0,0.0,-5.473228159,20.0,64.0,1.0,-4.51889141,1.0,3.0,0.367449311,1.0,2.0,40.0,1.0,1.0,1.0,1.0,10.0,12.0,370.0,258.0,112.0,1.0,1.0
2016_02_NO_NYG,2016,REG,2,2016-09-18,Sunday,13:00,NO,13,NYG,16,Home,3,29,0,2016091805,56923,,201609180nyg,4123.0,400874529,,7,7,171,-190,3.5,-101,-109,0,54.0,-110,-100,0,outdoors,fieldturf,80,5,00-0020531,00-0022803,Drew Brees,Eli Manning,Sean Payton,Ben McAdoo,Gene Steratore,NYC01,MetLife Stadium,2016,2,28.0,19.0,207.0,3.0,1.0,2.0,1.0,11.0,0.0,6.473165936,24.0,113.0,0.0,-1.136835304,0.0,7.0,8.040036166,0.0,0.0,40.0,2.0,3.0,1.0,0.0,20.0,19.0,328.0,227.0,101.0,0.0,0.0,2016,2,42.0,28.0,423.0,4.0,0.0,1.0,1.0,16.0,0.0,15.37267069,22.0,88.0,0.0,-1.887324973,0.0,7.0,22.38171077,2.0,4.0,53.0,4.0,4.0,1.0,0.0,34.0,35.0,486.0,319.0,167.0,0.0,0.0
2016_02_NYJ_BUF,2016,REG,2,2016-09-15,Thursday,20:25,NYJ,37,BUF,31,Home,-6,68,0,2016091500,56917,,201609150buf,4117.0,400874530,,4,4,113,-125,1.5,-100,-110,1,40.5,-103,-107,1,outdoors,a_turf,60,11,00-0023682,00-0028118,Ryan Fitzpatrick,Tyrod Taylor,Todd Bowles,Rex Ryan,Ed Hochuli,BUF00,New Era Field,2016,2,22.0,15.0,111.0,0.0,0.0,2.0,0.0,5.0,0.0,-1.960812853,24.0,65.0,1.0,-4.708450932,0.0,5.0,1.535697174,0.0,1.0,89.0,1.0,1.0,0.0,1.0,7.0,13.0,341.0,258.0,83.0,0.0,1.0,2016,2,35.0,19.0,189.0,2.0,1.0,1.0,0.0,11.0,0.0,-1.68775845,30.0,152.0,0.0,0.377714055,1.0,9.0,0.612251397,3.0,4.0,95.0,1.0,2.0,1.0,0.0,22.0,23.0,423.0,366.0,57.0,1.0,0.0
2016_02_PHI_CHI,2016,REG,2,2016-09-19,Monday,20:30,PHI,29,CHI,14,Home,-15,43,0,2016091900,56932,,201609190chi,4116.0,400874547,,8,8,144,-160,3.0,-100,-110,1,42.5,-110,-100,0,outdoors,grass,84,5,00-0032950,00-0024226,Carson Wentz,Jay Cutler,Doug Pederson,John Fox,Jeff Triplette,CHI98,Soldier Field,2016,2,29.0,16.0,216.0,1.0,1.0,5.0,1.0,10.0,0.0,-5.538002574,20.0,73.0,1.0,-5.862927495,1.0,4.0,2.70530287,0.0,0.0,30.0,2.0,2.0,2.0,0.0,14.0,23.0,360.0,231.0,129.0,1.0,1.0,2016,2,37.0,22.0,278.0,2.0,0.0,2.0,0.0,14.0,0.0,5.131715336,34.0,133.0,1.0,-1.804945107,1.0,8.0,9.500669822,2.0,3.0,46.0,3.0,3.0,2.0,0.0,29.0,10.0,310.0,190.0,120.0,1.0,0.0
2016_02_SEA_LA,2016,REG,2,2016-09-18,Sunday,16:05,SEA,3,LA,9,Home,6,12,0,2016091809,56927,,201609180ram,4111.0,400874514,,7,6,-235,210,-5.5,-103,-107,0,38.0,-110,100,1,outdoors,grass,88,3,00-0029263,00-0028986,Russell Wilson,Case Keenum,Pete Carroll,Jeff Fisher,Jerome Boger,LAX99,Los Angeles Memorial Coliseum,2016,2,35.0,17.0,130.0,0.0,2.0,2.0,0.0,6.0,0.0,-20.59226641,23.0,65.0,0.0,-7.054608128,0.0,4.0,-18.44033484,0.0,0.0,102.0,0.0,0.0,0.0,1.0,0.0,28.0,320.0,170.0,150.0,0.0,0.0,2016,2,43.0,27.0,258.0,1.0,1.0,3.0,0.0,16.0,0.0,-1.718388696,32.0,112.0,0.0,-10.35290854,1.0,6.0,3.237186533,2.0,2.0,69.0,0.0,1.0,0.0,0.0,12.0,10.0,250.0,186.0,64.0,0.0,1.0
2016_02_SF_CAR,2016,REG,2,2016-09-18,Sunday,13:00,SF,27,CAR,46,Home,19,73,0,2016091800,56918,,201609180car,4118.0,400874535,,6,10,447,-550,12.0,-109,-101,1,44.5,-108,-102,0,outdoors,grass,82,4,00-0027948,00-0027939,Blaine Gabbert,Cam Newton,Chip Kelly,Ron Rivera,John Parry,CAR00,Bank of America Stadium,2016,2,33.0,18.0,194.0,1.0,1.0,3.0,0.0,12.0,0.0,1.192924345,32.0,157.0,1.0,1.428706213,0.0,8.0,4.863991756,2.0,3.0,85.0,2.0,2.0,0.0,1.0,20.0,21.0,326.0,178.0,148.0,2.0,1.0,2016,2,35.0,22.0,170.0,1.0,0.0,0.0,0.0,10.0,0.0,-1.630431887,42.0,150.0,3.0,6.292961002,0.0,11.0,-6.295581233,0.0,0.0,10.0,4.0,4.0,0.0,0.0,28.0,0.0,195.0,130.0,65.0,2.0,0.0
2016_02_TB_ARI,2016,REG,2,2016-09-18,Sunday,13:00,TB,7,ARI,40,Home,33,47,0,2016091808,56926,,201609180crd,4110.0,400874515,,7,7,289,-330,7.5,-119,108,0,49.5,-105,-105,0,closed,grass,59,0,00-0031503,00-0021429,Jameis Winston,Carson Palmer,Dirk Koetter,Bruce Arians,Ron Torbert,PHO00,University of Phoenix Stadium,2016,2,37.0,24.0,271.0,2.0,0.0,3.0,0.0,14.0,0.0,8.29864847,19.0,92.0,1.0,2.098658822,1.0,7.0,12.47254226,0.0,1.0,58.0,3.0,3.0,1.0,2.0,21.0,23.0,370.0,264.0,106.0,0.0,2.0,2016,2,32.0,23.0,281.0,4.0,1.0,0.0,0.0,12.0,0.0,13.0835687,28.0,90.0,0.0,-7.848352489,0.0,5.0,13.0835687,1.0,1.0,48.0,4.0,4.0,0.0,0.0,31.0,24.0,386.0,334.0,52.0,0.0,0.0
2016_02_TEN_DET,2016,REG,2,2016-09-18,Sunday,13:00,TEN,16,DET,15,Home,-1,31,0,2016091802,56920,,201609180det,4120.0,400874488,,7,7,231,-260,6.0,-102,-108,0,48.0,-100,-110,0,dome,fieldturf,59,0,00-0032268,00-0026498,Marcus Mariota,Matthew Stafford,Mike Mularkey,Jim Caldwell,Brad Allen,DET00,Ford Field,2016,2,39.0,31.0,340.0,3.0,0.0,1.0,0.0,20.0,0.0,21.60936088,24.0,116.0,2.0,3.67573349,0.0,7.0,23.48201461,1.0,1.0,70.0,4.0,5.0,0.0,0.0,39.0,35.0,467.0,385.0,82.0,0.0,0.0,2016,2,41.0,25.0,271.0,2.0,1.0,2.0,0.0,16.0,0.0,0.759261156,22.0,64.0,0.0,-18.73457702,2.0,3.0,3.859866779,1.0,1.0,10.0,1.0,1.0,0.0,0.0,16.0,25.0,301.0,236.0,65.0,0.0,0.0
2016_03_ARI_BUF,2016,REG,3,2016-09-25,Sunday,13:00,ARI,18,BUF,33,Home,15,51,0,2016092500,56934,,201609250buf,4127.0,400874558,,7,10,-218,195,-5.0,-104,-106,1,48.0,-100,-110,0,outdoors,a_turf,64,8,00-0021429,00-0028118,Carson Palmer,Tyrod Taylor,Bruce Arians,Rex Ryan,Walt Anderson,BUF00,New Era Field,2016,3,26.5,17.0,209.0,1.5,0.5,1.0,0.0,7.0,0.0,4.9410065085,21.5,75.5,0.5,-4.533983618,0.5,5.5,6.721384487,0.5,1.0,74.0,2.5,2.5,0.5,1.0,19.0,25.0,419.0,316.0,103.0,0.0,0.5,2016,3,35.5,21.0,293.0,2.5,0.0,2.0,0.0,14.5,0.0,10.908834174999999,24.5,98.5,1.0,-0.5904515130000001,0.5,5.5,13.57229864,1.0,1.5,44.0,3.5,4.0,0.5,1.5,30.5,15.0,349.0,253.5,95.5,2.0,1.0
2016_03_ATL_NO,2016,REG,3,2016-09-26,Monday,20:30,ATL,45,NO,32,Home,-13,77,0,2016092600,56948,,201609260nor,4141.0,400874653,,8,8,142,-157,2.5,115,-127,1,54.0,-110,-100,1,dome,sportturf,59,0,00-0026143,00-0020531,Matt Ryan,Drew Brees,Dan Quinn,Sean Payton,Peter Morelli,NOR00,Mercedes-Benz Superdome,2016,3,43.0,28.5,343.0,2.5,0.0,1.5,0.5,15.5,0.0,7.182073003,17.5,64.5,0.0,-1.9842466074999998,0.0,4.0,12.6751574095,2.0,3.5,64.5,2.5,2.5,0.5,1.5,23.5,25.5,459.0,343.5,115.5,0.0,0.5,2016,3,36.5,26.5,365.0,2.5,0.5,2.0,0.0,17.0,0.5,14.3388047065,25.5,95.5,0.5,-2.4620297215000004,0.0,5.0,16.665950000000002,2.5,2.5,73.0,2.0,2.0,0.0,0.0,29.5,29.5,412.5,290.0,122.5,0.5,0.0
2016_03_BAL_JAX,2016,REG,3,2016-09-25,Sunday,13:00,BAL,19,JAX,17,Home,-2,36,0,2016092504,56938,,201609250jax,4131.0,400874567,,7,7,-115,104,-1.0,-109,-101,0,45.0,-100,-110,0,outdoors,grass,88,8,00-0026158,00-0031407,Joe Flacco,Blake Bortles,John Harbaugh,Gus Bradley,Gene Steratore,JAX00,EverBank Field,2016,3,44.5,27.5,324.5,1.5,1.5,2.5,0.5,13.5,0.0,-2.2286482265,18.5,58.5,0.5,-1.3334681875,0.0,5.0,3.5599181045000003,1.5,2.0,86.0,2.0,2.0,0.5,0.5,18.5,32.5,332.0,209.5,122.5,0.0,0.0,2016,3,39.0,23.5,280.0,1.5,1.0,2.0,0.0,14.0,0.0,5.433267824,27.0,81.5,0.0,-9.5550587565,0.5,4.0,8.976498861,2.5,2.5,32.0,1.5,1.5,0.0,0.0,19.0,13.5,290.5,185.5,105.0,1.0,0.5
2016_03_CHI_DAL,2016,REG,3,2016-09-25,Sunday,20:30,CHI,17,DAL,31,Home,14,48,0,2016092513,56947,,201609250dal,4140.0,400874650,,6,7,231,-260,6.5,-107,-103,1,45.0,-107,-103,0,closed,matrixturf,59,0,00-0026625,00-0033077,Brian Hoyer,Dak Prescott,John Fox,Jason Garrett,Craig Wrolstad,DAL00,AT&T Stadium,2016,3,37.5,23.5,259.5,0.0,0.0,2.0,0.0,13.0,0.0,8.7276266405,30.0,101.5,2.0,-3.3836573695000003,1.0,9.0,11.3403496745,3.0,3.0,44.5,2.0,2.0,0.5,0.0,23.0,21.5,383.0,285.5,97.5,1.0,0.0,2016,3,29.0,18.5,225.5,0.5,1.0,4.0,1.0,9.5,0.0,-9.084084417,19.0,68.5,1.0,-5.170681807,1.0,5.0,-0.8193172995,0.0,0.5,45.0,2.0,2.0,1.0,0.0,14.0,26.0,325.0,210.5,114.5,0.5,0.5
2016_03_CLE_MIA,2016,REG,3,2016-09-25,Sunday,13:00,CLE,24,MIA,30,Home,6,54,1,2016092505,56939,,201609250mia,4132.0,400874565,,7,7,361,-420,10.0,-105,-105,1,42.0,-110,100,0,outdoors,grass,86,16,00-0033104,00-0029701,Cody Kessler,Ryan Tannehill,Hue Jackson,Adam Gase,Clete Blakeman,MIA00,Hard Rock Stadium,2016,3,37.0,24.0,286.5,1.0,1.0,2.5,0.5,13.0,0.0,4.4266433005,18.0,67.0,1.0,-5.968212137,1.5,3.0,5.3794575005,1.0,1.5,44.5,2.0,2.0,1.0,1.0,17.0,21.5,427.5,291.0,136.5,0.5,1.0,2016,3,29.5,16.0,225.0,1.0,1.5,3.0,0.5,11.0,0.0,-1.0582961215000006,22.0,132.5,1.0,-5.5469185205,0.5,5.5,3.163078584,0.5,1.0,37.0,1.5,2.0,2.0,0.0,15.0,27.0,396.5,290.0,106.5,1.0,0.5
2016_03_DEN_CIN,2016,REG,3,2016-09-25,Sunday,13:00,DEN,29,CIN,17,Home,-12,46,0,2016092502,56936,,201609250cin,4129.0,400874613,,7,7,165,-183,3.5,-109,-101,1,42.0,113,-125,0,outdoors,fieldturf,81,3,00-0032156,00-0027973,Trevor Siemian,Andy Dalton,Gary Kubiak,Marvin Lewis,John Parry,CIN00,Paul Brown Stadium,2016,3,42.0,27.0,366.0,1.0,0.5,4.0,0.0,14.0,0.0,6.593288246,18.5,51.5,0.5,-4.2522637695,0.0,3.0,9.288367542,3.0,3.5,37.5,1.5,1.5,0.0,0.0,19.5,23.0,362.0,224.0,138.0,1.5,0.5,2016,3,29.5,20.0,222.0,0.5,1.5,1.5,0.0,12.0,0.5,-0.34940937000000005,30.0,141.0,1.5,0.6881633184999999,0.5,8.0,2.511895011,2.0,2.5,38.0,2.5,2.5,0.0,0.5,27.5,20.0,315.5,195.5,120.0,1.0,0.0
2016_03_DET_GB,2016,REG,3,2016-09-25,Sunday,13:00,DET,27,GB,34,Home,7,61,0,2016092503,56937,,201609250gnb,4130.0,400874610,,7,7,231,-260,6.0,-102,-108,1,47.5,-102,-108,1,outdoors,grass,72,17,00-0026498,00-0023459,Matthew Stafford,Aaron Rodgers,Jim Caldwell,Mike McCarthy,Carl Cheffers,GNB00,Lambeau Field,2016,3,35.0,20.0,206.0,1.5,0.5,3.0,1.0,10.0,0.0,-1.6091212195,24.0,89.0,1.0,-0.2834969045000001,0.5,6.0,5.040570402,1.0,1.0,48.0,2.5,2.5,1.5,0.5,20.5,20.0,342.0,303.0,39.0,0.5,0.0,2016,3,39.5,26.5,300.0,2.0,0.5,2.5,0.0,15.5,0.0,9.3255261475,23.5,126.5,1.0,3.6160954855,0.0,6.5,11.9014597285,1.5,1.5,104.0,2.5,3.0,0.0,0.0,27.0,25.5,422.0,311.5,110.5,0.5,0.0
2016_03_HOU_NE,2016,REG,3,2016-09-22,Thursday,20:25,HOU,0,NE,27,Home,27,27,0,2016092200,56933,,201609220nwe,4126.0,400874551,,4,4,106,-117,1.0,101,-111,0,38.5,-106,-104,0,outdoors,fieldturf,68,4,00-0029682,00-0033119,Brock Osweiler,Jacoby Brissett,Bill O'Brien,Bill Belichick,Walt Coleman,BOS00,Gillette Stadium,2016,3,34.0,24.0,294.0,2.0,0.0,2.0,1.0,13.0,0.0,15.697123975,34.5,133.5,1.0,-2.630244772,1.5,10.0,16.94804498,2.0,2.5,67.0,3.0,3.0,1.0,1.0,27.0,22.5,410.0,329.0,81.0,1.0,1.5,2016,3,34.0,20.5,249.5,1.5,1.5,2.0,0.0,12.0,0.0,3.0145704694999997,34.5,113.0,0.0,-7.749039702,0.5,3.5,6.518472177,3.5,4.0,56.5,1.5,1.5,0.5,1.5,21.0,13.0,297.0,201.0,96.0,0.5,1.5
2016_03_LA_TB,2016,REG,3,2016-09-25,Sunday,16:05,LA,37,TB,32,Home,-5,69,0,2016092509,56943,,201609250tam,4136.0,400874618,,7,7,156,-173,3.5,-103,-107,1,40.5,-104,-106,0,outdoors,grass,91,4,00-0028986,00-0031503,Case Keenum,Jameis Winston,Jeff Fisher,Dirk Koetter,Ed Hochuli,TAM00,Raymond James Stadium,2016,3,42.0,25.0,262.0,2.5,2.5,1.5,0.5,13.0,0.0,-3.5750711499999994,24.5,87.5,0.0,-4.651584976,0.0,5.0,0.0605750150000004,0.5,1.0,43.5,2.5,2.5,0.0,0.0,19.0,32.0,403.0,324.5,78.5,0.0,0.0,2016,3,32.5,17.5,184.5,0.0,1.0,2.5,0.0,8.0,0.0,-11.0197404625,24.0,64.5,0.0,-5.6494022065,0.0,3.5,-6.882406809999999,1.5,1.5,90.0,0.0,0.0,0.0,1.0,4.5,15.5,320.5,212.0,108.5,0.0,0.0
2016_03_MIN_CAR,2016,REG,3,2016-09-25,Sunday,13:00,MIN,22,CAR,10,Home,-12,32,0,2016092501,56935,,201609250car,4128.0,400874615,,7,7,231,-260,6.0,-108,-102,0,43.0,-104,-106,0,outdoors,grass,80,0,00-0027854,00-0027939,Sam Bradford,Cam Newton,Mike Zimmer,Ron Rivera,Jerome Boger,CAR00,Bank of America Stadium,2016,3,36.5,21.0,273.5,2.5,1.0,2.0,0.5,13.5,0.0,5.9848107825,34.5,166.5,0.5,-1.623488365,0.5,8.0,10.817074528000001,3.0,3.5,75.0,3.0,3.5,0.0,1.0,33.0,24.0,317.0,210.5,106.5,2.0,1.0,2016,3,32.0,20.0,261.0,1.0,0.0,2.0,0.0,11.5,0.0,7.754212321500001,25.0,47.5,0.0,-10.3195348105,0.0,3.0,11.9432840035,2.5,3.5,88.0,1.5,2.0,0.5,2.0,21.0,15.0,315.5,242.0,73.5,1.0,1.5
2016_03_NYJ_KC,2016,REG,3,2016-09-25,Sunday,16:25,NYJ,3,KC,24,Home,21,27,0,2016092512,56945,,201609250kan,4138.0,400874623,,10,7,150,-166,3.0,106,-117,0,44.5,-108,-102,0,outdoors,grass,65,9,00-0023682,00-0023436,Ryan Fitzpatrick,Alex Smith,Todd Bowles,Andy Reid,Bill Vinovich,KAN00,Arrowhead Stadium,2016,3,42.5,27.0,274.5,1.0,0.5,3.5,0.5,14.5,0.0,-1.4038958580000003,19.0,101.0,1.0,-5.910885669,1.0,5.5,5.222206798,3.0,3.0,61.5,1.5,1.5,0.0,0.0,22.5,23.0,381.5,255.5,126.0,1.0,0.0,2016,3,34.5,21.5,281.5,1.5,0.5,1.0,0.5,14.5,0.0,10.52156069,33.0,137.5,1.5,1.5291734209999999,0.5,8.0,8.8828231785,3.0,3.5,72.5,2.5,3.0,1.0,0.0,29.5,27.0,408.0,336.5,71.5,1.0,0.5
2016_03_OAK_TEN,2016,REG,3,2016-09-25,Sunday,13:00,LV,17,TEN,10,Home,-7,27,0,2016092507,56941,,201609250oti,4134.0,400874562,,7,7,-120,109,-1.5,-107,-103,0,47.0,-106,-104,0,outdoors,grass,89,2,00-0031280,00-0032268,Derek Carr,Marcus Mariota,Jack Del Rio,Mike Mularkey,Tony Corrente,NAS00,Nissan Stadium,2016,3,37.0,25.0,254.5,2.0,1.0,2.5,0.0,13.5,0.0,2.6787070515,23.0,101.5,0.0,-8.0689937465,1.0,5.5,6.865500333,1.0,1.5,46.5,1.0,1.0,0.0,0.0,16.0,20.0,349.0,248.0,101.0,0.5,0.0,2016,3,41.5,29.0,309.0,2.0,0.0,0.5,0.0,16.0,1.0,10.2349160925,25.5,161.0,2.0,4.5048772315,0.0,8.0,11.343229018,1.0,1.5,99.5,2.5,2.5,0.5,0.5,31.5,34.5,523.0,409.5,113.5,0.5,0.0
2016_03_PIT_PHI,2016,REG,3,2016-09-25,Sunday,16:25,PIT,3,PHI,34,Home,31,37,0,2016092510,56946,,201609250phi,4139.0,400874628,,7,6,-190,171,-3.5,-105,-105,0,46.5,-105,-105,0,outdoors,grass,73,7,00-0022924,00-0032950,Ben Roethlisberger,Carson Wentz,Mike Tomlin,Doug Pederson,Brad Allen,PHI00,Lincoln Financial Field,2016,3,35.5,21.5,234.0,1.5,0.0,2.0,0.0,13.0,0.0,5.5090039035,33.0,116.5,1.5,-3.4273393115,0.5,7.5,9.045554787,2.5,3.0,40.0,2.5,3.0,1.0,1.0,29.0,12.0,304.5,212.5,92.0,1.0,0.5,2016,3,37.0,23.0,279.5,3.0,1.5,1.0,0.5,13.0,0.0,10.336484658,33.0,135.5,1.0,-0.23686428049999986,0.0,8.0,12.0681403475,1.0,1.0,67.5,4.0,4.0,1.5,1.0,31.0,16.0,398.0,347.5,50.5,1.0,0.0
2016_03_SD_IND,2016,REG,3,2016-09-25,Sunday,16:25,LAC,22,IND,26,Home,4,48,0,2016092511,56944,,201609250clt,4137.0,400874624,,7,7,115,-127,1.5,102,-113,0,51.5,102,-113,0,closed,fieldturf,59,0,00-0022942,00-0029668,Philip Rivers,Andrew Luck,Mike McCoy,Chuck Pagano,Ron Torbert,IND00,Lucas Oil Stadium,2016,3,43.5,26.0,291.0,2.5,0.5,3.5,0.5,14.0,0.5,0.806701835000001,20.0,82.5,0.5,2.069407665,0.0,5.0,8.680478399,2.0,2.0,69.5,2.5,2.5,0.0,0.0,27.5,36.5,428.0,303.0,125.0,0.5,0.0,2016,3,30.5,21.0,231.5,2.5,0.0,2.0,0.5,11.0,0.0,7.33935627,33.5,152.5,1.5,2.8624133415,0.0,10.0,11.686113205,1.5,2.0,26.5,4.0,4.0,0.0,0.5,32.5,23.5,422.0,346.0,76.0,1.5,0.0
2016_03_SF_SEA,2016,REG,3,2016-09-25,Sunday,16:05,SF,18,SEA,37,Home,19,55,0,2016092508,56942,,201609250sea,4135.0,400874620,,7,7,391,-458,10.5,-109,-101,1,42.0,-104,-106,1,outdoors,fieldturf,66,6,00-0027948,00-0029263,Blaine Gabbert,Russell Wilson,Chip Kelly,Pete Carroll,Jeff Triplette,SEA00,CenturyLink Field,2016,3,39.0,24.5,256.0,0.5,0.5,2.5,0.5,13.0,0.0,0.4717309419999999,28.0,89.5,0.0,-7.661841702,0.5,5.0,3.0444903219999997,1.5,1.5,91.5,0.0,0.5,0.5,0.0,7.5,9.5,276.5,212.5,64.0,0.0,0.5,2016,3,35.5,19.5,206.5,1.5,1.0,1.0,0.0,11.5,0.0,-2.4531076205,34.0,107.5,2.0,-2.8975215590000003,0.5,7.5,-4.1335002625,1.0,1.0,30.0,3.5,3.5,0.0,1.5,27.5,23.0,362.0,241.5,120.5,1.5,0.5
2016_03_WAS_NYG,2016,REG,3,2016-09-25,Sunday,13:00,WAS,29,NYG,27,Home,-2,56,0,2016092506,56940,,201609250nyg,4133.0,400874682,,7,7,157,-174,3.5,-113,102,1,47.0,-103,-107,1,outdoors,fieldturf,67,2,00-0029604,00-0022803,Kirk Cousins,Eli Manning,Jay Gruden,Ben McAdoo,John Hussey,NYC01,MetLife Stadium,2016,3,34.5,25.5,287.5,1.5,0.5,2.0,1.0,13.0,0.0,6.2396380965,28.0,88.5,0.0,-6.748972442,0.5,6.0,7.572961427,1.5,2.0,32.5,1.5,2.0,0.5,0.0,18.0,16.0,316.0,245.0,71.0,0.0,0.0,2016,3,44.5,29.0,346.5,0.5,1.5,1.0,0.0,16.0,0.0,2.632072335,14.5,68.5,1.0,-1.8359628540000001,0.0,3.5,4.474997901,3.0,3.0,53.0,1.5,1.5,0.5,0.5,19.5,32.5,420.5,296.0,124.5,0.5,1.0
2016_04_BUF_NE,2016,REG,4,2016-10-02,Sunday,13:00,BUF,16,NE,0,Home,-16,16,0,2016100205,56955,,201610020nwe,4148.0,400874663,,7,10,153,-170,3.5,-115,104,0,41.0,-109,-101,1,outdoors,fieldturf,56,7,00-0028118,00-0033119,Tyrod Taylor,Jacoby Brissett,Rex Ryan,Bill Belichick,Peter Morelli,BOS00,Gillette Stadium,2016,4,29.0,19.666666666666668,230.33333333333334,1.3333333333333333,0.0,1.6666666666666667,0.6666666666666666,10.0,0.0,8.043192702,36.0,150.66666666666666,1.6666666666666667,-1.630181018,1.0,9.333333333333334,9.625016814333334,2.0,2.3333333333333335,49.666666666666664,3.0,3.0,1.0,1.3333333333333333,27.0,15.0,375.0,284.6666666666667,90.33333333333333,1.0,1.0,2016,4,26.0,16.0,179.0,1.0,0.6666666666666666,2.0,0.0,6.333333333333333,0.0,0.9482332106666668,25.0,119.66666666666667,1.3333333333333333,-1.288331712333333,1.3333333333333333,8.0,4.014873853,1.0,1.3333333333333333,74.33333333333333,2.6666666666666665,3.0,1.0,1.0,23.666666666666668,22.666666666666668,404.3333333333333,306.3333333333333,98.0,1.3333333333333333,0.6666666666666666
2016_04_CAR_ATL,2016,REG,4,2016-10-02,Sunday,13:00,CAR,33,ATL,48,Home,15,81,0,2016100201,56951,,201610020atl,4144.0,400874664,,7,6,-138,125,-2.5,-114,103,1,48.5,-105,-105,1,dome,fieldturf,59,0,00-0027939,00-0026143,Cam Newton,Matt Ryan,Ron Rivera,Dan Quinn,John Hussey,ATL00,Georgia Dome,2016,4,34.333333333333336,24.333333333333332,323.3333333333333,2.3333333333333335,0.3333333333333333,2.0,0.0,15.666666666666666,0.3333333333333333,13.147851867666667,27.333333333333332,136.0,1.3333333333333333,1.8338763356666667,0.0,7.0,16.49286204666667,2.0,2.0,60.333333333333336,3.3333333333333335,3.3333333333333335,0.0,0.3333333333333333,34.666666666666664,30.333333333333332,438.6666666666667,318.6666666666667,120.0,0.6666666666666666,0.0,2016,4,36.333333333333336,21.333333333333332,270.6666666666667,1.6666666666666667,1.6666666666666667,4.0,0.3333333333333333,12.333333333333334,0.0,-1.247086405,32.333333333333336,146.0,0.6666666666666666,-1.1146657376666667,0.3333333333333333,8.0,5.523376458000001,2.3333333333333335,3.0,71.66666666666667,2.3333333333333335,2.6666666666666665,0.0,0.6666666666666666,25.333333333333332,23.333333333333332,287.6666666666667,197.33333333333334,90.33333333333333,1.3333333333333333,0.6666666666666666
2016_04_CLE_WAS,2016,REG,4,2016-10-02,Sunday,13:00,CLE,20,WAS,31,Home,11,51,0,2016100207,56957,,201610020was,4150.0,400874660,,7,7,297,-340,7.5,-100,-110,1,48.0,-105,-105,0,outdoors,grass,67,1,00-0033104,00-0029604,Cody Kessler,Kirk Cousins,Hue Jackson,Jay Gruden,Jeff Triplette,WAS00,FedExField,2016,4,41.666666666666664,26.666666666666668,340.0,1.0,1.0,1.3333333333333333,0.3333333333333333,15.0,0.0,6.322560903333333,19.666666666666668,75.66666666666667,0.6666666666666666,-3.6519289333333336,0.3333333333333333,4.0,9.591022650666668,3.6666666666666665,3.6666666666666665,58.666666666666664,1.6666666666666667,1.6666666666666667,1.0,0.6666666666666666,22.666666666666668,30.666666666666668,437.0,314.0,123.0,1.0,0.6666666666666666,2016,4,32.333333333333336,18.666666666666668,243.0,0.6666666666666666,1.0,3.3333333333333335,0.6666666666666666,10.666666666666666,0.3333333333333333,-0.4776219020000004,25.333333333333332,144.66666666666666,1.0,-2.6276948853333333,0.6666666666666666,7.0,5.087532425,1.3333333333333333,2.6666666666666665,55.0,1.3333333333333333,1.6666666666666667,2.0,0.3333333333333333,18.0,28.0,409.0,299.6666666666667,109.33333333333333,1.3333333333333333,0.3333333333333333
2016_04_DAL_SF,2016,REG,4,2016-10-02,Sunday,16:25,DAL,24,SF,17,Home,-7,41,0,2016100211,56961,,201610020sfo,4154.0,400874674,,7,7,-123,111,-1.0,-116,105,0,44.0,102,-113,0,outdoors,grass,68,10,00-0033077,00-0027948,Dak Prescott,Blaine Gabbert,Jason Garrett,Chip Kelly,Terry McAulay,SFO01,Levi's Stadium,2016,4,32.0,17.666666666666668,177.33333333333334,1.0,1.0,0.6666666666666666,0.0,9.666666666666666,0.0,-5.1423820036666665,33.0,116.66666666666667,2.0,-0.5575585670000001,0.3333333333333333,7.0,-6.262643765,1.0,1.3333333333333333,31.666666666666668,2.6666666666666665,2.6666666666666665,0.0,1.3333333333333333,24.333333333333332,27.666666666666668,386.3333333333333,263.6666666666667,122.66666666666667,1.3333333333333333,0.3333333333333333,2016,4,33.0,22.0,255.66666666666666,0.3333333333333333,0.0,1.3333333333333333,0.0,12.0,0.0,10.811017037,33.666666666666664,134.0,2.3333333333333335,-0.4163861516666669,0.6666666666666666,10.666666666666666,10.440199738666665,2.3333333333333335,2.6666666666666665,44.666666666666664,2.6666666666666665,2.6666666666666665,0.3333333333333333,0.6666666666666666,25.666666666666668,20.0,387.0,296.0,91.0,0.6666666666666666,0.0
2016_04_DEN_TB,2016,REG,4,2016-10-02,Sunday,16:05,DEN,27,TB,7,Home,-20,34,0,2016100208,56958,,201610020tam,4151.0,400874669,,7,7,-173,156,-3.5,102,-113,0,43.0,-106,-104,0,outdoors,grass,88,7,00-0032156,00-0031503,Trevor Siemian,Jameis Winston,Gary Kubiak,Dirk Koetter,Jerome Boger,TAM00,Raymond James Stadium,2016,4,47.333333333333336,28.666666666666668,309.6666666666667,2.6666666666666665,2.0,1.6666666666666667,0.6666666666666666,15.666666666666666,0.0,-2.1892877029999998,23.666666666666668,86.0,0.3333333333333333,-3.1574504643333334,0.0,5.666666666666667,3.7553718000000003,0.3333333333333333,1.0,55.666666666666664,2.3333333333333335,2.6666666666666665,0.3333333333333333,0.3333333333333333,23.333333333333332,33.666666666666664,377.6666666666667,279.6666666666667,98.0,0.3333333333333333,0.0,2016,4,31.333333333333332,21.0,252.0,1.6666666666666667,1.0,1.6666666666666667,0.0,12.333333333333334,0.3333333333333333,6.073321966666666,27.666666666666668,111.33333333333333,1.0,-2.292082343666667,0.3333333333333333,6.333333333333333,7.090654547333333,1.6666666666666667,2.0,39.0,2.3333333333333335,2.6666666666666665,0.0,0.6666666666666666,28.0,19.0,326.6666666666667,199.0,127.66666666666667,1.0,0.0
2016_04_DET_CHI,2016,REG,4,2016-10-02,Sunday,13:00,DET,14,CHI,17,Home,3,31,0,2016100203,56953,,201610020chi,4146.0,400874668,,7,7,-177,159,-3.0,-124,112,0,48.0,102,-113,1,outdoors,grass,62,6,00-0026498,00-0026625,Matthew Stafford,Brian Hoyer,Jim Caldwell,John Fox,Tony Corrente,CHI98,Soldier Field,2016,4,35.666666666666664,22.333333333333332,256.0,1.0,0.6666666666666666,3.0,1.0,12.333333333333334,0.0,-4.9257498386666665,17.333333333333332,71.66666666666667,0.6666666666666666,-3.871793435666667,0.6666666666666666,4.666666666666667,0.9162822316666666,0.3333333333333333,0.6666666666666666,45.0,2.0,2.0,1.3333333333333333,0.3333333333333333,15.0,27.666666666666668,365.6666666666667,223.0,142.66666666666666,0.3333333333333333,0.3333333333333333,2016,4,40.0,27.0,328.3333333333333,2.3333333333333335,0.6666666666666666,2.6666666666666665,0.0,16.0,0.0,12.937107831666665,23.333333333333332,101.0,0.6666666666666666,0.7618486349999998,0.0,5.666666666666667,16.294412312333336,1.6666666666666667,2.0,98.0,2.6666666666666665,3.0,0.0,0.0,27.0,28.333333333333332,390.6666666666667,276.0,114.66666666666667,0.3333333333333333,0.0
2016_04_IND_JAX,2016,REG,4,2016-10-02,Sunday,9:30,IND,27,JAX,30,Neutral,3,57,0,2016100200,56950,,201610020jax,4143.0,400874657,,7,7,-104,-106,1.0,-113,102,1,48.0,-110,-100,1,outdoors,grass,59,7,00-0029668,00-0031407,Andrew Luck,Blake Bortles,Chuck Pagano,Gus Bradley,Walt Anderson,LON00,Wembley Stadium,2016,4,42.333333333333336,26.333333333333332,281.0,1.6666666666666667,2.0,3.0,0.3333333333333333,13.0,0.0,-5.041946531,19.333333333333332,55.0,0.3333333333333333,-2.790729496666667,0.0,3.6666666666666665,0.2956740323333336,1.3333333333333333,2.0,82.33333333333333,2.0,2.0,0.3333333333333333,0.6666666666666666,18.0,28.0,320.6666666666667,211.0,109.66666666666667,0.6666666666666666,0.0,2016,4,41.333333333333336,25.333333333333332,304.3333333333333,2.0,0.6666666666666666,3.0,0.6666666666666666,13.666666666666666,0.3333333333333333,-1.3043438843333328,22.0,86.0,1.0,0.6121514330000001,0.3333333333333333,5.333333333333333,8.357540443333333,2.0,2.0,68.33333333333333,2.3333333333333335,2.3333333333333335,0.3333333333333333,1.0,27.0,31.666666666666668,406.3333333333333,310.6666666666667,95.66666666666667,0.3333333333333333,0.0
2016_04_KC_PIT,2016,REG,4,2016-10-02,Sunday,20:30,KC,14,PIT,43,Home,29,57,0,2016100212,56962,,201610020pit,4155.0,400874675,,7,7,159,-177,3.0,111,-123,1,48.0,-107,-103,0,outdoors,grass,59,6,00-0023436,00-0022924,Alex Smith,Ben Roethlisberger,Andy Reid,Mike Tomlin,Ron Torbert,PIT00,Heinz Field,2016,4,39.333333333333336,23.333333333333332,272.0,2.0,1.3333333333333333,2.0,0.6666666666666666,12.333333333333334,0.0,1.8783633086666665,25.333333333333332,100.0,0.6666666666666666,-0.40473594399999985,0.0,6.333333333333333,6.264372583,1.0,1.3333333333333333,70.66666666666667,2.6666666666666665,2.6666666666666665,1.3333333333333333,0.6666666666666666,21.666666666666668,22.0,407.3333333333333,332.0,75.33333333333333,0.6666666666666666,0.0,2016,4,39.333333333333336,26.333333333333332,262.0,1.0,0.3333333333333333,3.0,0.3333333333333333,14.333333333333334,0.0,2.0110726816666666,21.666666666666668,91.33333333333333,0.6666666666666666,-8.947085256,1.0,5.0,7.533489685333333,2.3333333333333335,2.3333333333333335,60.666666666666664,2.0,2.0,0.0,0.6666666666666666,23.0,16.333333333333332,356.0,233.0,123.0,2.6666666666666665,0.3333333333333333
2016_04_LA_ARI,2016,REG,4,2016-10-02,Sunday,16:25,LA,17,ARI,13,Home,-4,30,0,2016100209,56959,,201610020crd,4152.0,400874671,,7,7,357,-414,10.0,-114,103,0,43.5,-111,101,1,closed,grass,59,0,00-0028986,00-0021429,Case Keenum,Carson Palmer,Jeff Fisher,Bruce Arians,Gene Steratore,PHO00,University of Phoenix Stadium,2016,4,40.333333333333336,22.666666666666668,291.0,1.6666666666666667,1.3333333333333333,3.0,0.3333333333333333,15.333333333333334,0.0,3.2582423866666663,23.666666666666668,95.0,1.3333333333333333,-3.7547740686666664,0.6666666666666666,5.666666666666667,6.000527028333334,1.0,1.3333333333333333,46.0,2.6666666666666665,3.0,1.0,1.0,26.333333333333332,21.0,341.6666666666667,208.66666666666666,133.0,1.6666666666666667,1.6666666666666667,2016,4,30.333333333333332,16.333333333333332,186.33333333333334,0.6666666666666666,1.0,2.0,0.0,8.0,0.0,-7.974790249000001,27.0,88.66666666666667,0.6666666666666666,-2.665480944,0.0,5.0,-6.4694740836666655,1.3333333333333333,1.3333333333333333,83.0,1.3333333333333333,1.3333333333333333,0.0,1.0,15.333333333333334,21.0,376.3333333333333,276.3333333333333,100.0,0.3333333333333333,0.0
2016_04_MIA_CIN,2016,REG,4,2016-09-29,Thursday,20:25,MIA,7,CIN,22,Home,15,29,0,2016092900,56949,,201609290cin,4142.0,400874655,,4,4,297,-340,7.5,-113,102,0,46.0,-105,-105,0,outdoors,fieldturf,62,2,00-0029701,00-0027973,Ryan Tannehill,Andy Dalton,Adam Gase,Marvin Lewis,Bill Vinovich,CIN00,Paul Brown Stadium,2016,4,38.333333333333336,25.0,312.6666666666667,0.6666666666666666,0.6666666666666666,4.0,0.0,13.333333333333334,0.0,2.4726767683333333,22.0,82.0,1.0,-1.4914333426666666,0.0,4.333333333333333,6.532591617666665,2.3333333333333335,2.6666666666666665,48.0,1.6666666666666667,1.6666666666666667,0.0,0.3333333333333333,18.666666666666668,25.0,362.6666666666667,253.33333333333334,109.33333333333333,1.0,0.3333333333333333,2016,4,37.666666666666664,24.333333333333332,297.3333333333333,1.6666666666666667,1.3333333333333333,2.0,0.6666666666666666,13.666666666666666,0.0,0.9039775923333334,20.333333333333332,83.0,1.0,-3.942119103,1.0,4.0,3.2545385296666667,1.0,1.3333333333333333,52.0,2.3333333333333335,2.3333333333333335,0.6666666666666666,1.0,21.333333333333332,22.333333333333332,434.3333333333333,287.0,147.33333333333334,0.3333333333333333,1.0
2016_04_NO_SD,2016,REG,4,2016-10-02,Sunday,16:25,NO,35,LAC,34,Home,-1,69,0,2016100210,56960,,201610020sdg,4153.0,400874672,,6,7,176,-196,4.0,-102,-108,1,54.0,-105,-105,0,outdoors,grass,74,8,00-0020531,00-0022942,Drew Brees,Philip Rivers,Sean Payton,Mike McCoy,Walt Coleman,SDG00,Qualcomm Stadium,2016,4,33.333333333333336,22.666666666666668,263.0,1.6666666666666667,0.0,2.0,0.6666666666666666,12.666666666666666,0.0,7.335563917666666,28.0,114.0,1.3333333333333333,0.3138033843333332,0.0,7.0,11.460360739999999,2.0,2.3333333333333335,44.333333333333336,3.0,3.3333333333333335,0.3333333333333333,0.6666666666666666,29.0,24.333333333333332,422.6666666666667,341.0,81.66666666666667,1.3333333333333333,0.3333333333333333,2016,4,46.666666666666664,31.0,354.0,2.6666666666666665,0.3333333333333333,1.6666666666666667,0.3333333333333333,17.333333333333332,0.0,5.0549976249999995,19.333333333333332,81.33333333333333,0.3333333333333333,0.4846609306666669,0.0,6.0,9.702286375333335,1.6666666666666667,2.6666666666666665,68.0,2.6666666666666665,2.6666666666666665,0.3333333333333333,1.0,26.333333333333332,32.0,458.3333333333333,309.0,149.33333333333334,0.0,0.3333333333333333
2016_04_NYG_MIN,2016,REG,4,2016-10-03,Monday,20:30,NYG,10,MIN,24,Home,14,34,0,2016100300,56963,,201610030min,4156.0,400874677,,8,8,175,-195,3.5,102,-113,0,42.5,-107,-103,0,dome,sportturf,59,0,00-0022803,00-0027854,Eli Manning,Sam Bradford,Ben McAdoo,Mike Zimmer,Brad Allen,MIN01,U.S. Bank Stadium,2016,4,30.666666666666668,19.333333333333332,231.0,1.0,0.0,2.0,0.0,11.333333333333334,0.0,4.933552783666667,24.666666666666668,51.0,0.0,-9.005843702333333,0.0,2.6666666666666665,9.203599495333334,2.3333333333333335,3.0,72.66666666666667,1.0,1.6666666666666667,0.6666666666666666,1.3333333333333333,21.333333333333332,13.333333333333334,333.6666666666667,249.66666666666666,84.0,1.6666666666666667,1.0,2016,4,35.666666666666664,25.333333333333332,308.3333333333333,1.3333333333333333,1.0,2.0,1.3333333333333333,14.0,0.0,6.394938354,25.666666666666668,99.0,0.6666666666666666,-4.0706875123333335,0.3333333333333333,7.0,6.982437308333334,1.6666666666666667,2.0,64.33333333333333,2.0,2.3333333333333335,1.0,0.3333333333333333,21.0,20.333333333333332,349.6666666666667,272.3333333333333,77.33333333333333,0.0,0.3333333333333333
2016_04_OAK_BAL,2016,REG,4,2016-10-02,Sunday,13:00,LV,28,BAL,27,Home,-1,55,0,2016100202,56952,,201610020rav,4145.0,400874666,,7,7,166,-185,3.5,-110,-100,1,45.0,104,-115,0,outdoors,grass,65,2,00-0031280,00-0026158,Derek Carr,Joe Flacco,Jack Del Rio,John Harbaugh,Ed Hochuli,BAL00,M&T Bank Stadium,2016,4,39.333333333333336,25.333333333333332,258.0,1.0,1.3333333333333333,2.0,0.3333333333333333,13.0,0.0,-0.5007701506666665,25.333333333333332,82.33333333333333,0.3333333333333333,-6.008864002333333,0.3333333333333333,3.6666666666666665,2.831515698,3.0,3.0,40.666666666666664,1.3333333333333333,1.3333333333333333,0.3333333333333333,0.0,19.0,14.666666666666666,274.3333333333333,188.33333333333334,86.0,1.6666666666666667,0.3333333333333333,2016,4,39.333333333333336,26.333333333333332,289.0,1.6666666666666667,0.3333333333333333,0.6666666666666666,0.0,15.0,0.6666666666666666,8.870521080666666,25.333333333333332,148.33333333333334,1.6666666666666667,2.301235902666667,0.0,6.666666666666667,10.201818315333334,1.0,1.3333333333333333,85.66666666666667,2.3333333333333335,2.3333333333333335,0.3333333333333333,0.6666666666666666,26.666666666666668,26.333333333333332,480.3333333333333,344.3333333333333,136.0,1.0,0.6666666666666666
2016_04_SEA_NYJ,2016,REG,4,2016-10-02,Sunday,13:00,SEA,27,NYJ,17,Home,-10,44,0,2016100206,56956,,201610020nyj,4149.0,400874662,,7,7,-113,102,-1.0,-105,-105,1,40.0,-105,-105,0,outdoors,fieldturf,61,0,00-0029263,00-0023682,Russell Wilson,Ryan Fitzpatrick,Pete Carroll,Todd Bowles,Carl Cheffers,NYC01,MetLife Stadium,2016,4,37.666666666666664,21.0,250.33333333333334,1.0,2.3333333333333335,0.6666666666666666,0.3333333333333333,12.666666666666666,0.0,-2.261578793333334,29.333333333333332,130.66666666666666,1.0,1.9604113400000003,0.6666666666666666,7.333333333333333,-4.117254604333333,2.3333333333333335,2.6666666666666665,53.333333333333336,1.6666666666666667,2.0,1.0,0.0,20.666666666666668,26.0,375.0,303.3333333333333,71.66666666666667,0.6666666666666666,0.6666666666666666,2016,4,36.666666666666664,23.666666666666668,273.3333333333333,1.0,0.6666666666666666,2.3333333333333335,0.3333333333333333,12.0,0.0,5.616877924666667,29.0,102.0,0.6666666666666666,-6.883883228999999,0.3333333333333333,6.0,6.551012328,2.0,2.0,77.66666666666667,1.3333333333333333,1.6666666666666667,0.3333333333333333,0.0,17.333333333333332,12.333333333333334,269.0,181.33333333333334,87.66666666666667,0.3333333333333333,0.3333333333333333
2016_04_TEN_HOU,2016,REG,4,2016-10-02,Sunday,13:00,TEN,20,HOU,27,Home,7,47,0,2016100204,56954,,201610020htx,4147.0,400874658,,7,10,176,-196,4.0,-105,-105,1,40.0,-110,100,1,closed,fieldturf,59,0,00-0032268,00-0029682,Marcus Mariota,Brock Osweiler,Mike Mularkey,Bill O'Brien,Clete Blakeman,HOU00,NRG Stadium,2016,4,36.333333333333336,21.666666666666668,231.66666666666666,1.0,1.3333333333333333,2.0,0.0,11.333333333333334,0.0,-2.6776578736666665,32.0,111.66666666666667,0.0,-6.216223324333334,0.3333333333333333,5.666666666666667,1.1322673429999999,2.3333333333333335,2.6666666666666665,52.0,1.0,1.0,0.3333333333333333,1.0,14.0,17.666666666666668,294.0,168.33333333333334,125.66666666666667,0.3333333333333333,1.0,2016,4,35.666666666666664,22.333333333333332,241.0,1.3333333333333333,1.3333333333333333,2.0,0.0,12.0,0.0,-1.424957913,25.0,128.0,0.3333333333333333,-5.2103439683333335,1.3333333333333333,7.333333333333333,1.718012353,1.0,1.3333333333333333,54.333333333333336,1.0,1.0,0.3333333333333333,0.0,14.0,19.0,356.6666666666667,248.33333333333334,108.33333333333333,0.6666666666666666,0.0
2016_05_ARI_SF,2016,REG,5,2016-10-06,Thursday,20:25,ARI,33,SF,21,Home,-12,54,0,2016100600,56964,,201610060sfo,4157.0,400874483,,4,4,-188,169,-3.5,-106,-104,1,42.5,-110,-100,1,outdoors,grass,75,16,00-0025430,00-0027948,Drew Stanton,Blaine Gabbert,Bruce Arians,Chip Kelly,Carl Cheffers,SFO01,Levi's Stadium,2016,5,29.75,17.25,182.0,1.0,1.0,0.75,0.0,9.25,0.0,-3.939122286,32.0,114.0,1.75,-0.2980641855,0.25,6.75,-4.43700489375,1.0,1.25,31.75,2.5,2.5,0.0,1.0,22.5,26.75,399.5,259.0,140.5,1.0,0.25,2016,5,42.0,23.75,299.5,1.5,1.75,3.0,0.5,15.75,0.0,1.2758852024999998,24.0,100.75,1.0,-4.232248086249999,0.75,6.0,5.8854558235,1.25,1.5,45.75,2.25,2.5,0.75,1.0,23.0,20.0,333.0,223.0,110.0,1.25,1.25
2016_05_ATL_DEN,2016,REG,5,2016-10-09,Sunday,16:05,ATL,23,DEN,16,Home,-7,39,0,2016100907,56972,,201610090den,4165.0,400874607,,7,7,175,-195,3.5,102,-113,0,44.5,-110,-100,0,outdoors,grass,72,5,00-0026143,00-0033108,Matt Ryan,Paxton Lynch,Dan Quinn,Gary Kubiak,Terry McAulay,DEN00,Sports Authority Field at Mile High,2016,5,31.25,20.5,248.5,1.75,0.75,2.25,0.0,12.75,0.25,7.0839930775,28.75,105.75,1.0,-4.29622194025,0.25,6.0,8.7640181255,1.75,2.0,51.25,2.5,2.75,0.0,0.75,27.75,16.0,307.75,194.0,113.75,1.25,0.5,2016,5,35.0,25.25,368.25,2.75,0.5,2.25,0.0,16.25,0.25,16.02439394825,26.75,124.5,1.25,0.22600613050000007,0.0,7.25,19.45456058,2.0,2.0,64.5,4.0,4.0,0.0,0.25,38.0,31.0,425.5,323.25,102.25,1.0,0.0
2016_05_BUF_LA,2016,REG,5,2016-10-09,Sunday,16:25,BUF,30,LA,19,Home,-11,49,0,2016100909,56974,,201610090ram,4167.0,400874633,,7,7,-128,116,-2.5,-105,-105,1,41.5,-105,-105,0,outdoors,grass,91,5,00-0028118,00-0028986,Tyrod Taylor,Case Keenum,Rex Ryan,Jeff Fisher,Walt Coleman,LAX99,Los Angeles Memorial Coliseum,2016,5,30.25,16.75,206.25,1.0,0.75,2.0,0.25,8.5,0.0,-5.180994822000001,26.0,76.75,0.5,-4.3380169017500005,0.0,4.0,-1.9788500227499997,1.25,1.25,83.25,1.5,1.5,0.0,1.25,15.75,19.0,393.0,288.5,104.5,1.0,0.25,2016,5,29.25,18.75,195.75,1.0,0.5,2.0,0.0,8.5,0.0,3.7556578380000003,26.75,123.25,1.0,-1.0833970672499997,1.0,7.75,6.66188557475,1.5,2.0,70.75,2.25,2.5,0.75,1.0,21.75,17.0,377.0,281.0,96.0,1.0,1.25
2016_05_CHI_IND,2016,REG,5,2016-10-09,Sunday,13:00,CHI,23,IND,29,Home,6,52,0,2016100903,56968,,201610090clt,4161.0,400874548,,7,7,181,-202,4.0,-105,-105,1,47.5,-110,-100,0,open,fieldturf,59,0,00-0026625,00-0029668,Brian Hoyer,Andrew Luck,John Fox,Chuck Pagano,John Hussey,IND00,Lucas Oil Stadium,2016,5,41.5,25.75,286.75,2.0,0.75,3.75,0.5,13.0,0.25,-2.6812120274999995,22.75,88.0,1.0,1.100199999,0.25,5.75,7.7801096075,2.0,2.0,70.75,2.5,2.5,0.5,0.75,27.0,31.25,390.5,284.75,105.75,0.25,0.25,2016,5,35.75,23.75,267.5,1.25,0.5,2.75,0.75,13.25,0.0,-0.3199176914999997,20.25,82.25,0.5,-5.233865676000001,0.5,5.25,4.80817943875,0.5,1.0,47.5,2.0,2.0,1.0,0.25,15.5,24.25,344.0,220.5,123.5,0.75,0.25
2016_05_CIN_DAL,2016,REG,5,2016-10-09,Sunday,16:25,CIN,14,DAL,28,Home,14,42,0,2016100908,56973,,201610090dal,4166.0,400874630,,10,7,-127,115,-2.5,-104,-106,0,46.0,-105,-105,0,closed,matrixturf,59,0,00-0027973,00-0033077,Andy Dalton,Dak Prescott,Marvin Lewis,Jason Garrett,Tony Corrente,DAL00,AT&T Stadium,2016,5,32.75,22.25,253.0,0.75,0.0,1.5,0.0,11.75,0.0,10.87484314775,35.0,149.0,2.0,0.8128698589999999,0.5,11.0,10.689024591499999,2.0,2.5,44.75,2.75,2.75,0.25,0.5,25.25,19.25,365.75,271.0,94.75,0.75,0.0,2016,5,36.5,24.25,308.5,0.75,0.5,3.25,0.0,13.25,0.0,4.1382495522500005,25.75,80.75,0.75,-4.4094603045,0.5,4.5,7.8218441607499996,3.0,3.25,46.0,1.5,1.5,0.5,0.5,19.5,20.5,334.75,237.25,97.5,1.0,0.25
2016_05_HOU_MIN,2016,REG,5,2016-10-09,Sunday,13:00,HOU,13,MIN,31,Home,18,44,0,2016100905,56970,,201610090min,4163.0,400874595,,7,6,222,-250,6.0,-105,-105,1,39.0,-110,-100,0,dome,sportturf,59,0,00-0029682,00-0027854,Brock Osweiler,Sam Bradford,Bill O'Brien,Mike Zimmer,Jeff Triplette,MIN01,U.S. Bank Stadium,2016,5,32.0,21.0,238.75,1.0,0.0,1.5,0.0,12.0,0.0,5.5470005885,26.75,64.25,0.5,-8.77330930425,0.0,3.5,8.74953562225,2.0,2.75,63.75,1.5,2.0,0.5,1.25,22.0,12.5,335.0,252.5,82.5,1.5,0.75,2016,5,36.5,22.5,237.25,1.25,1.5,1.75,0.0,11.75,0.0,-2.0798212815,30.0,112.5,0.0,-5.34530168825,0.25,5.75,1.82277864275,2.25,2.75,53.75,1.5,1.5,0.25,0.75,17.25,18.25,302.0,176.75,125.25,0.5,1.0
2016_05_NE_CLE,2016,REG,5,2016-10-09,Sunday,13:00,NE,33,CLE,13,Home,-20,46,0,2016100901,56966,,201610090cle,4159.0,400874519,,7,7,-450,385,-10.0,-100,-110,0,47.5,102,-113,0,outdoors,grass,58,13,00-0019596,00-0033104,Tom Brady,Cody Kessler,Bill Belichick,Hue Jackson,Bill Vinovich,CLE00,FirstEnergy Stadium,2016,5,34.25,21.0,238.0,0.75,1.0,2.75,0.5,12.0,0.25,1.0649281707499998,26.0,149.25,1.0,-3.51164662025,1.25,7.5,5.641768022,1.5,2.5,66.5,1.5,1.75,1.75,0.25,18.5,28.75,388.75,270.5,118.25,1.25,0.25,2016,5,28.5,19.0,224.0,1.0,0.0,2.0,0.5,10.0,0.0,5.5893226590000005,32.5,135.5,1.25,-2.9916663464999997,1.5,8.0,7.402893287,1.5,2.0,55.75,2.25,2.25,1.5,1.0,20.25,15.25,376.25,275.0,101.25,0.75,0.75
2016_05_NYG_GB,2016,REG,5,2016-10-09,Sunday,20:30,NYG,16,GB,23,Home,7,39,0,2016100911,56976,,201610090gnb,4169.0,400874640,,6,14,271,-308,7.0,-110,-100,0,49.0,-110,-100,0,outdoors,grass,49,7,00-0022803,00-0023459,Eli Manning,Aaron Rodgers,Ben McAdoo,Mike McCarthy,Ed Hochuli,GNB00,Lambeau Field,2016,5,31.333333333333332,18.333333333333332,205.66666666666666,2.3333333333333335,0.3333333333333333,2.6666666666666665,0.6666666666666666,9.666666666666666,0.0,2.637579333666667,24.0,100.33333333333333,0.6666666666666666,0.10014137699999996,0.3333333333333333,6.0,7.431460354666666,1.3333333333333333,1.3333333333333333,47.0,3.0,3.0,1.0,0.3333333333333333,25.0,22.333333333333332,373.0,330.3333333333333,42.666666666666664,0.6666666666666666,0.0,2016,5,38.0,25.25,296.5,1.0,1.0,1.5,1.0,12.75,0.0,1.6221397680000003,23.75,93.75,0.75,-3.0221279675000003,0.25,6.75,2.06276398375,1.5,1.75,65.5,1.75,2.0,0.75,0.25,18.25,21.25,353.75,269.75,84.0,0.0,0.25
2016_05_NYJ_PIT,2016,REG,5,2016-10-09,Sunday,13:00,NYJ,13,PIT,31,Home,18,44,0,2016100906,56971,,201610090pit,4164.0,400874602,,7,7,338,-390,10.0,-123,111,0,50.0,-102,-108,0,outdoors,grass,57,9,00-0023682,00-0022924,Ryan Fitzpatrick,Ben Roethlisberger,Todd Bowles,Mike Tomlin,John Parry,PIT00,Heinz Field,2016,5,36.25,23.0,279.0,2.75,1.0,2.0,0.5,12.5,0.25,6.6001365015,25.5,112.25,0.75,0.2474805215000001,0.0,6.0,10.641607702249999,0.75,1.0,70.0,3.25,3.25,1.25,0.75,27.0,20.0,399.0,320.75,78.25,0.75,0.25,2016,5,38.5,21.5,253.0,1.0,2.5,1.5,0.5,12.75,0.0,-0.4682020540000005,27.0,112.5,0.75,0.030602891500000062,0.5,6.5,-2.1585299212499995,2.0,2.25,55.0,1.75,2.0,1.0,0.0,19.75,26.25,375.0,304.75,70.25,0.5,0.5
2016_05_PHI_DET,2016,REG,5,2016-10-09,Sunday,13:00,PHI,23,DET,24,Home,1,47,0,2016100902,56967,,201610090det,4160.0,400874533,,14,7,-185,166,-3.5,-102,-108,1,46.0,-110,-100,0,dome,fieldturf,59,0,00-0032950,00-0026498,Carson Wentz,Matthew Stafford,Doug Pederson,Jim Caldwell,Peter Morelli,DET00,Ford Field,2016,5,39.0,26.0,299.5,1.75,1.0,2.5,0.0,14.25,0.25,8.525620213,22.0,92.25,0.5,-0.16520160875000012,0.0,5.75,11.77143744075,1.75,2.0,92.5,2.0,2.25,0.0,0.0,23.75,25.5,397.0,282.5,114.5,0.25,0.0,2016,5,34.0,22.0,256.3333333333333,1.6666666666666667,0.0,1.3333333333333333,0.0,12.333333333333334,0.0,9.394347405666666,32.0,119.33333333333333,1.6666666666666667,-2.044376017,0.3333333333333333,8.333333333333334,11.752047994666668,2.3333333333333335,2.6666666666666665,59.666666666666664,3.0,3.3333333333333335,1.0,1.0,30.666666666666668,9.0,298.3333333333333,227.33333333333334,71.0,1.0,0.3333333333333333
2016_05_SD_OAK,2016,REG,5,2016-10-09,Sunday,16:25,LAC,31,LV,34,Home,3,65,0,2016100910,56975,,201610090rai,4168.0,400874636,,7,7,166,-185,3.5,-101,-109,1,50.5,-102,-108,1,outdoors,grass,75,7,00-0022942,00-0031280,Philip Rivers,Derek Carr,Mike McCoy,Jack Del Rio,Gene Steratore,OAK00,Oakland-Alameda County Coliseum,2016,5,38.25,26.0,266.5,2.25,0.25,0.5,0.0,14.0,0.5,8.7154798915,23.75,126.75,1.25,-0.7936355255,0.25,5.25,9.713952817500001,0.75,1.0,87.5,2.75,2.75,0.25,0.75,27.0,26.5,467.25,332.75,134.5,0.75,0.75,2016,5,35.75,24.0,277.5,1.75,0.25,2.25,0.75,13.25,0.0,7.5535461349999995,26.25,95.0,1.5,-1.3071825407500002,0.5,6.75,10.46598623875,2.0,2.25,44.75,3.25,3.5,0.75,0.5,30.25,27.0,389.5,307.5,82.0,1.5,0.25
2016_05_TB_CAR,2016,REG,5,2016-10-10,Monday,20:30,TB,17,CAR,14,Home,-3,31,0,2016101000,56977,,201610100car,4170.0,400874648,,8,8,217,-244,6.0,-107,-103,0,46.5,-116,105,1,outdoors,grass,66,7,00-0031503,00-0023645,Jameis Winston,Derek Anderson,Dirk Koetter,Ron Rivera,Clete Blakeman,CAR00,Bank of America Stadium,2016,5,39.25,23.75,287.25,2.0,1.75,3.25,0.25,13.25,0.25,0.51092817175,28.0,121.75,0.5,-2.17636208525,0.25,6.75,5.7857124065,2.0,2.5,67.5,2.25,2.5,0.0,0.5,27.25,29.5,364.0,273.75,90.25,1.25,0.5,2016,5,44.25,25.75,277.0,2.0,2.0,2.5,0.5,14.0,0.0,-5.703011474749999,24.25,82.5,0.5,-4.71326038875,0.5,5.5,0.5608756807500002,0.25,0.75,59.0,2.0,2.25,0.5,0.25,19.25,32.0,365.0,269.25,95.75,0.25,0.0
2016_05_TEN_MIA,2016,REG,5,2016-10-09,Sunday,13:00,TEN,30,MIA,17,Home,-13,47,0,2016100904,56969,,201610090mia,4162.0,400874581,,7,10,121,-134,2.5,-102,-108,1,44.5,-103,-107,0,outdoors,grass,88,15,00-0032268,00-0029701,Marcus Mariota,Ryan Tannehill,Mike Mularkey,Adam Gase,Craig Wrolstad,MIA00,Hard Rock Stadium,2016,5,34.5,22.0,270.25,1.5,1.25,2.75,0.75,11.5,0.0,-2.28211486075,18.5,77.75,0.75,-3.49605904075,0.75,3.75,2.09481330375,0.75,1.0,56.0,2.0,2.0,0.5,0.75,17.75,22.25,419.0,289.25,129.75,0.25,1.25,2016,5,34.0,20.0,231.25,1.0,1.25,1.75,0.0,10.75,0.0,-1.7445671897500001,26.75,127.0,0.75,-3.75766685875,1.25,7.5,1.037217467,1.25,1.5,64.0,1.25,1.25,0.5,0.0,15.5,21.0,359.75,249.75,110.0,1.0,0.0
2016_05_WAS_BAL,2016,REG,5,2016-10-09,Sunday,13:00,WAS,16,BAL,10,Home,-6,26,0,2016100900,56965,,201610090rav,4158.0,400874590,,7,7,175,-195,4.0,-108,-102,0,44.5,-106,-104,0,outdoors,grass,62,16,00-0029604,00-0026158,Kirk Cousins,Joe Flacco,Jay Gruden,John Harbaugh,Ron Torbert,BAL00,M&T Bank Stadium,2016,5,42.5,27.0,268.0,1.0,1.0,2.0,0.5,13.5,0.25,-1.9183724337499999,25.5,94.25,0.75,-3.61996626225,0.5,4.75,2.46533672725,2.75,2.75,56.75,1.25,1.25,0.75,0.25,21.0,18.0,271.0,191.0,80.0,1.25,0.5,2016,5,38.0,25.25,300.75,1.5,1.0,1.75,0.5,14.25,0.0,5.30635610675,21.25,93.0,0.75,-1.3800662402500001,0.25,5.5,8.85746277075,3.0,3.0,62.75,2.25,2.25,1.0,1.0,24.75,28.0,424.25,291.25,133.0,1.0,1.25
2016_06_ATL_SEA,2016,REG,6,2016-10-16,Sunday,16:25,ATL,24,SEA,26,Home,2,50,0,2016101611,56990,,201610160sea,4183.0,400874732,,7,14,266,-302,7.0,-107,-103,1,45.5,-110,100,0,outdoors,fieldturf,54,10,00-0026143,00-0029263,Matt Ryan,Russell Wilson,Dan Quinn,Pete Carroll,Tony Corrente,SEA00,CenturyLink Field,2016,6,35.5,23.5,282.25,1.5,0.5,2.25,0.25,12.75,0.0,8.132198981,28.25,93.0,0.5,-5.87570715625,0.25,5.5,9.684223298500001,2.0,2.0,76.0,1.75,2.0,0.25,0.0,19.75,13.5,281.5,201.25,80.25,1.0,0.25,2016,6,33.6,23.2,348.0,2.4,0.4,2.2,0.0,15.0,0.2,14.0849200816,27.8,124.0,1.2,0.16180051860000005,0.0,7.4,17.0778712456,2.2,2.2,67.2,3.6,3.6,0.0,0.2,35.0,28.0,401.8,303.2,98.6,1.0,0.0
2016_06_BAL_NYG,2016,REG,6,2016-10-16,Sunday,13:00,BAL,23,NYG,27,Home,4,50,0,2016101606,56985,,201610160nyg,4178.0,400874705,,7,7,171,-190,3.5,102,-113,1,42.5,-102,-108,0,outdoors,fieldturf,66,6,00-0026158,00-0022803,Joe Flacco,Eli Manning,John Harbaugh,Ben McAdoo,Jeff Triplette,NYC01,MetLife Stadium,2016,6,37.4,23.8,277.0,1.0,0.8,2.0,1.0,12.6,0.0,-0.23175274619999975,22.0,83.6,0.6,-2.9562713092000004,0.2,5.8,1.795609413,1.8,2.0,62.6,1.6,1.8,0.6,0.2,17.8,21.6,364.2,267.6,96.6,0.4,0.2,2016,6,43.4,27.6,256.4,1.0,0.8,2.2,0.4,13.2,0.2,-4.3929340009999995,24.2,99.0,0.6,-2.4595258527999997,0.4,4.8,-0.1222084702,2.4,2.4,58.4,1.2,1.2,0.6,0.4,18.8,17.6,280.8,204.8,76.0,1.2,0.6
2016_06_CAR_NO,2016,REG,6,2016-10-16,Sunday,13:00,CAR,38,NO,41,Home,3,79,0,2016101605,56984,,201610160nor,4177.0,400874707,,6,14,-139,126,-2.5,-117,106,1,53.5,-113,102,1,dome,sportturf,59,0,00-0027939,00-0020531,Cam Newton,Drew Brees,Ron Rivera,Sean Payton,Walt Anderson,NOR00,Mercedes-Benz Superdome,2016,6,44.0,29.0,317.25,2.5,0.75,1.75,0.25,16.75,0.0,5.901436040249999,23.0,81.75,1.0,-1.53798985225,0.0,6.0,10.130141269000001,1.25,2.0,59.5,3.25,3.25,0.25,1.25,28.5,32.5,433.5,312.0,121.5,0.25,0.75,2016,6,37.0,22.6,285.4,1.6,1.8,2.6,0.2,13.4,0.2,0.3055010758,27.4,124.6,0.8,-1.5968628876,0.4,6.4,4.5253284636,1.6,2.2,66.0,2.2,2.4,0.0,0.4,24.6,27.0,357.6,262.8,94.8,1.0,0.6
2016_06_CIN_NE,2016,REG,6,2016-10-16,Sunday,13:00,CIN,17,NE,35,Home,18,52,0,2016101604,56983,,201610160nwe,4176.0,400874736,,7,7,293,-335,7.5,-117,106,1,48.5,-103,-107,0,outdoors,fieldturf,66,14,00-0027973,00-0019596,Andy Dalton,Tom Brady,Marvin Lewis,Bill Belichick,Ron Torbert,BOS00,Gillette Stadium,2016,6,31.0,20.8,260.4,1.4,0.0,1.8,0.4,11.0,0.0,9.055954255200001,33.0,128.0,1.2,-3.5528340999999997,1.2,7.8,10.8075212596,1.4,2.0,56.8,2.6,2.6,1.2,0.8,22.8,14.8,356.2,269.8,86.4,0.8,1.0,2016,6,37.4,25.2,300.6,1.0,0.4,3.4,0.0,13.8,0.0,4.482733529,24.4,83.8,0.6,-3.0667191676,0.4,5.0,8.803359610600001,2.4,2.8,46.6,1.6,1.6,0.4,0.6,18.4,22.0,349.2,235.2,114.0,0.8,0.2
2016_06_CLE_TEN,2016,REG,6,2016-10-16,Sunday,13:00,CLE,26,TEN,28,Home,2,54,0,2016101607,56986,,201610160oti,4179.0,400874703,,7,7,285,-325,7.5,-108,-102,1,45.0,-108,-102,0,outdoors,grass,75,10,00-0033104,00-0032268,Cody Kessler,Marcus Mariota,Hue Jackson,Mike Mularkey,Carl Cheffers,NAS00,Nissan Stadium,2016,6,33.0,20.0,217.6,1.4,1.0,1.4,0.0,10.2,0.0,-0.6888081766,29.6,148.6,0.8,-0.704752813,1.0,8.6,1.6396273914,1.2,1.4,59.2,1.6,1.8,0.6,0.0,18.4,20.2,336.2,238.0,98.2,1.2,0.0,2016,6,34.4,20.8,240.2,1.0,1.0,2.6,0.4,12.0,0.2,1.4018465923999996,25.2,124.8,0.8,-5.1302099882,1.4,6.6,5.8131190448,1.2,2.0,60.2,1.4,1.6,1.6,0.2,17.4,29.6,411.8,297.6,114.2,1.0,0.2
2016_06_DAL_GB,2016,REG,6,2016-10-16,Sunday,16:25,DAL,30,GB,16,Home,-14,46,0,2016101610,56989,,201610160gnb,4182.0,400874733,,7,7,211,-237,5.0,-102,-108,0,47.0,-107,-103,0,outdoors,grass,69,8,00-0033077,00-0023459,Dak Prescott,Aaron Rodgers,Jason Garrett,Mike McCarthy,Brad Allen,GNB00,Lambeau Field,2016,6,34.75,19.5,219.0,2.25,0.75,2.0,0.5,10.5,0.0,1.6126246742500001,26.0,112.0,0.5,0.85104627375,0.25,6.75,5.56491446525,1.75,1.75,49.5,2.75,2.75,1.0,0.5,24.5,20.75,340.25,297.5,42.75,0.5,0.0,2016,6,31.0,21.4,247.8,0.8,0.0,1.4,0.2,11.8,0.0,10.6768410024,33.8,155.2,2.2,1.5464716219999999,0.4,10.6,11.633112239199999,1.6,2.0,44.8,3.0,3.0,0.6,0.4,25.8,18.2,365.6,270.6,95.0,0.6,0.0
2016_06_DEN_SD,2016,REG,6,2016-10-13,Thursday,20:25,DEN,13,LAC,21,Home,8,34,0,2016101300,56978,,201610130sdg,4171.0,400874693,,4,4,-150,136,-3.0,-100,-110,0,44.0,-105,-105,1,outdoors,grass,70,9,00-0032156,00-0022942,Trevor Siemian,Philip Rivers,Gary Kubiak,Mike McCoy,Craig Wrolstad,SDG00,Qualcomm Stadium,2016,6,34.6,23.4,293.8,2.2,0.6,2.2,0.8,13.4,0.0,9.548389684,24.8,90.4,1.2,-2.7261463482000003,0.8,6.2,11.316636517000001,1.8,2.0,43.4,3.4,3.6,1.0,0.4,30.4,28.4,392.8,309.4,83.4,1.4,0.2,2016,6,32.0,21.0,243.4,1.6,0.8,3.0,0.4,12.2,0.2,5.132213173599999,27.8,101.4,0.8,-3.4317294269999996,0.2,5.8,7.8984972849999995,2.0,2.2,52.4,2.2,2.4,0.6,0.8,25.4,17.4,324.0,208.6,115.4,1.0,0.4
2016_06_IND_HOU,2016,REG,6,2016-10-16,Sunday,20:30,IND,23,HOU,26,Home,3,49,1,2016101612,56991,,201610160htx,4184.0,400874734,,7,7,144,-160,3.0,-100,-110,1,47.5,-110,-100,1,closed,fieldturf,59,0,00-0029668,00-0029682,Andrew Luck,Brock Osweiler,Chuck Pagano,Bill O'Brien,Bill Vinovich,HOU00,NRG Stadium,2016,6,37.6,21.8,226.6,1.2,1.4,2.2,0.2,11.0,0.0,-5.2702423692,26.8,101.8,0.0,-4.2632443968,0.2,5.4,-0.4009020052,2.2,2.8,46.0,1.4,1.4,0.4,0.6,16.4,20.8,315.0,195.6,119.4,0.4,0.8,2016,6,41.0,26.2,293.8,2.0,0.6,4.0,0.4,13.4,0.2,-0.8481785203999996,22.4,90.0,0.8,0.4288294076,0.4,5.8,10.086066588,2.6,2.6,70.2,2.4,2.4,0.6,0.8,27.4,29.6,416.8,307.2,109.6,0.2,0.2
2016_06_JAX_CHI,2016,REG,6,2016-10-16,Sunday,13:00,JAX,17,CHI,16,Home,-1,33,0,2016101601,56980,,201610160chi,4173.0,400874708,,14,7,126,-139,2.5,106,-117,0,46.0,-108,-102,0,outdoors,grass,69,7,00-0031407,00-0026625,Blake Bortles,Brian Hoyer,Gus Bradley,John Fox,Clete Blakeman,CHI98,Soldier Field,2016,6,37.2,25.6,293.4,1.4,0.4,2.2,0.6,14.0,0.0,3.2687940988,20.0,90.8,0.4,-3.5048466404000003,0.4,5.8,6.886735911,1.0,1.6,54.0,2.0,2.0,1.2,0.2,17.0,25.2,359.2,240.8,118.4,0.6,0.4,2016,6,40.0,24.5,262.5,1.75,1.5,3.0,0.25,12.5,0.0,-2.2741819065,21.75,75.25,0.5,-1.5797436630000004,0.25,4.5,1.9725144997500001,1.75,2.25,98.0,2.25,2.25,0.25,0.5,21.0,27.75,322.5,216.75,105.75,0.75,0.0
2016_06_KC_OAK,2016,REG,6,2016-10-16,Sunday,16:05,KC,26,LV,10,Home,-16,36,0,2016101609,56988,,201610160rai,4181.0,400874731,,14,7,-123,111,-1.0,-115,104,0,46.5,-117,106,1,outdoors,grass,61,6,00-0023436,00-0031280,Alex Smith,Derek Carr,Andy Reid,Jack Del Rio,Peter Morelli,OAK00,Oakland-Alameda County Coliseum,2016,6,38.6,25.8,276.6,2.2,0.4,1.0,0.0,13.6,0.6,8.2120728892,24.0,119.2,1.2,-0.7430647436,0.2,5.4,9.7697969926,1.4,1.8,77.2,2.6,2.6,0.2,1.0,28.4,27.4,460.0,338.0,122.0,1.0,1.0,2016,6,42.0,27.25,268.25,1.25,0.5,3.25,0.5,15.0,0.0,0.82494538625,20.75,90.25,0.5,-7.9245598335,1.0,4.5,6.681298985749999,1.75,2.0,55.5,2.0,2.0,0.5,0.5,20.75,23.0,379.25,249.75,129.5,2.0,0.25
2016_06_LA_DET,2016,REG,6,2016-10-16,Sunday,13:00,LA,28,DET,31,Home,3,59,0,2016101602,56981,,201610160det,4174.0,400874709,,7,7,131,-145,2.5,111,-123,1,44.0,-110,100,0,dome,fieldturf,59,0,00-0028986,00-0026498,Case Keenum,Matthew Stafford,Jeff Fisher,Jim Caldwell,John Hussey,DET00,Ford Field,2016,6,36.2,24.6,275.6,2.0,0.8,2.8,0.2,13.4,0.2,6.7411294684,23.0,89.8,0.4,0.009479855199999897,0.0,5.8,11.7259851406,1.6,1.8,77.6,2.2,2.4,0.0,0.2,23.8,25.0,388.4,273.6,114.8,0.4,0.2,2016,6,30.4,17.6,219.2,0.8,1.0,2.4,0.2,9.0,0.0,-6.092222344600001,26.6,81.8,0.6,-4.462325947,0.4,5.0,-1.9734402197999998,1.8,1.8,74.6,1.4,1.4,0.2,1.0,16.4,21.2,377.8,255.6,122.2,0.8,0.2
2016_06_NYJ_ARI,2016,REG,6,2016-10-17,Monday,20:30,NYJ,3,ARI,28,Home,25,31,0,2016101700,56992,,201610170crd,4185.0,400874735,,8,11,305,-350,7.5,-102,-108,0,46.0,-104,-106,0,closed,grass,59,0,00-0023682,00-0021429,Ryan Fitzpatrick,Carson Palmer,Todd Bowles,Bruce Arians,Jerome Boger,PHO00,University of Phoenix Stadium,2016,6,39.2,21.2,264.4,1.6,1.4,2.6,0.4,13.8,0.0,-0.17779798000000008,26.6,115.0,1.2,-2.2861448429999998,0.8,6.8,3.8490594594000003,1.2,1.4,46.6,2.6,2.8,1.0,1.0,25.0,20.2,329.0,210.8,118.2,1.4,1.0,2016,6,38.4,22.2,253.4,1.0,2.0,1.8,0.6,12.6,0.0,-0.3760304104000004,25.0,104.4,0.6,-0.06946500779999995,0.4,6.0,-1.0157771909999997,2.0,2.2,47.6,1.6,1.8,1.0,0.2,18.4,27.2,388.2,319.8,68.4,0.4,0.6
2016_06_PHI_WAS,2016,REG,6,2016-10-16,Sunday,13:00,PHI,20,WAS,27,Home,7,47,0,2016101608,56987,,201610160was,4180.0,400874701,,7,7,-150,136,-3.0,-101,-109,1,45.0,100,-110,1,outdoors,grass,69,13,00-0032950,00-0029604,Carson Wentz,Kirk Cousins,Doug Pederson,Jay Gruden,John Parry,WAS00,FedExField,2016,6,38.6,26.0,292.6,1.4,1.0,1.6,0.4,13.8,0.0,4.7165801982,21.0,86.4,0.6,-2.533618907,0.4,5.2,8.2965292492,2.6,2.8,59.4,2.0,2.2,1.0,0.8,23.0,24.4,405.0,275.0,130.0,0.8,1.0,2016,6,33.75,22.75,251.75,1.75,0.25,1.75,0.0,12.25,0.0,9.04220100925,29.25,118.5,1.25,-1.4470960925,0.5,8.0,11.799261896,2.5,2.75,72.5,2.75,3.0,0.75,1.0,28.75,12.75,288.75,215.5,73.25,0.75,0.25
2016_06_PIT_MIA,2016,REG,6,2016-10-16,Sunday,13:00,PIT,15,MIA,30,Home,15,45,0,2016101603,56982,,201610160mia,4175.0,400874730,,7,7,-305,269,-7.5,106,-117,0,49.5,-105,-105,0,outdoors,grass,81,15,00-0022924,00-0029701,Ben Roethlisberger,Ryan Tannehill,Mike Tomlin,Adam Gase,Ed Hochuli,MIA00,Hard Rock Stadium,2016,6,31.2,20.0,254.4,1.2,1.4,3.4,0.6,10.2,0.0,-3.870330928599999,18.2,72.4,0.8,-2.7950968104,0.6,3.6,1.2827298412,0.8,1.0,61.4,2.0,2.0,0.4,0.6,17.6,23.8,414.8,264.0,150.8,0.2,1.0,2016,6,38.4,25.2,299.2,3.0,0.8,1.8,0.6,14.6,0.2,8.7274570372,25.2,102.0,0.6,-1.691901183,0.2,5.4,12.988768293800002,0.8,1.0,58.0,3.4,3.4,1.0,0.6,27.8,18.6,384.6,307.6,77.0,0.6,0.2
2016_06_SF_BUF,2016,REG,6,2016-10-16,Sunday,13:00,SF,16,BUF,45,Home,29,61,0,2016101600,56979,,201610160buf,4172.0,400874698,,10,7,269,-305,7.5,-113,102,1,44.0,102,-112,0,outdoors,a_turf,72,22,00-0027974,00-0028118,Colin Kaepernick,Tyrod Taylor,Chip Kelly,Rex Ryan,Gene Steratore,BUF00,New Era Field,2016,6,28.0,17.4,181.4,1.2,0.4,2.0,0.0,8.0,0.0,2.5615447432000003,26.8,137.2,1.0,-0.3103564007999998,0.8,8.0,5.8893548134,1.4,1.8,68.6,2.4,2.8,0.8,1.0,23.4,17.4,376.2,279.0,97.2,1.2,1.4,2016,6,30.0,17.4,178.0,1.0,1.2,2.0,0.0,9.8,0.0,-5.8901040388,32.8,121.4,1.8,-0.07227175660000004,0.2,7.4,-4.3553856982,0.8,1.0,32.2,2.6,2.6,0.2,0.8,22.2,28.0,378.8,232.0,146.8,0.8,0.4
2016_07_BAL_NYJ,2016,REG,7,2016-10-23,Sunday,13:00,BAL,16,NYJ,24,Home,8,40,0,2016102306,57000,,201610230nyj,4197.0,400874501,,7,6,111,-123,2.0,-103,-107,0,40.5,-117,106,0,outdoors,fieldturf,58,36,00-0026158,00-0030565,Joe Flacco,Geno Smith,John Harbaugh,Todd Bowles,Walt Anderson,NYC01,MetLife Stadium,2016,7,38.8,22.4,256.6,0.6,2.2,1.8,0.8,12.0,0.0,-2.2861233104000007,21.8,80.6,0.6,-0.6685503799999999,0.2,4.6,-2.8826246031999996,1.6,1.6,45.2,1.4,1.4,1.0,0.2,14.6,28.2,382.8,291.6,91.2,0.2,1.0,2016,7,46.4,28.4,266.2,0.8,0.8,1.8,0.4,13.0,0.2,-5.2206049884,23.8,102.0,1.0,-0.458596483,0.2,5.2,-1.7694398642,2.6,2.6,73.6,1.4,1.4,0.6,0.6,20.8,21.6,333.8,263.2,70.6,1.6,0.6
2016_07_BUF_MIA,2016,REG,7,2016-10-23,Sunday,13:00,BUF,25,MIA,28,Home,3,53,0,2016102305,56999,,201610230mia,4196.0,400874500,,7,7,-134,121,-2.5,-109,-101,1,46.0,-112,102,1,outdoors,grass,81,11,00-0028118,00-0029701,Tyrod Taylor,Ryan Tannehill,Rex Ryan,Adam Gase,Brad Allen,MIA00,Hard Rock Stadium,2016,7,31.8,21.6,267.6,1.2,1.4,2.4,0.4,10.8,0.0,-0.9922202679999998,21.4,104.0,1.2,-0.23884491820000023,0.4,5.4,2.9927050078,1.2,1.6,72.4,2.4,2.4,0.2,0.4,21.6,24.4,404.2,250.2,154.0,0.4,0.8,2016,7,29.0,17.6,195.0,1.6,0.4,2.2,0.0,9.0,0.0,3.9690265682000003,30.8,186.8,1.6,2.2211927408000003,1.4,10.4,7.2254993272000005,1.6,1.8,65.0,3.4,3.8,1.0,1.0,31.0,18.0,372.0,264.8,107.2,1.2,1.2
2016_07_CHI_GB,2016,REG,7,2016-10-20,Thursday,20:25,CHI,10,GB,26,Home,16,36,0,2016102000,56993,,201610200gnb,4190.0,400874429,,4,4,293,-335,7.5,-117,106,0,46.5,-113,102,1,outdoors,grass,47,10,00-0026625,00-0023459,Brian Hoyer,Aaron Rodgers,John Fox,Mike McCarthy,John Parry,GNB00,Lambeau Field,2016,7,36.2,21.8,234.0,2.0,0.8,1.8,0.6,11.8,0.0,1.9852106221999999,25.6,105.2,0.4,-1.9381747490000003,0.6,6.2,4.1638072354,2.0,2.0,44.2,2.4,2.4,1.0,0.6,22.8,22.6,359.8,287.4,72.4,0.6,0.0,2016,7,41.2,28.4,310.6,1.2,0.2,1.4,0.4,15.2,0.0,4.8612802394,21.4,94.6,0.4,-2.6735018096000003,0.4,6.2,7.086771948000001,1.6,2.2,65.4,1.8,1.8,1.0,0.4,17.4,24.0,352.2,248.8,103.4,0.6,0.2
2016_07_CLE_CIN,2016,REG,7,2016-10-23,Sunday,13:00,CLE,17,CIN,31,Home,14,48,0,2016102301,56995,,201610230cin,4192.0,400874494,,7,7,480,-575,11.5,-105,-105,1,46.5,-110,-100,1,outdoors,fieldturf,65,5,00-0033104,00-0027973,Cody Kessler,Andy Dalton,Hue Jackson,Marvin Lewis,Ed Hochuli,CIN00,Paul Brown Stadium,2016,7,37.6,24.8,278.2,1.0,0.2,2.4,0.0,14.0,0.0,5.2461280192,27.0,96.4,0.6,-3.0467087496,0.4,5.4,7.860261722600001,2.0,2.2,47.0,1.6,1.6,0.4,0.6,17.2,24.6,372.0,272.6,99.4,0.6,0.0,2016,7,37.6,23.8,269.6,1.4,0.8,3.2,0.2,13.2,0.2,5.3897647079999995,24.0,108.8,0.8,-4.1608110216,1.4,5.4,10.607554583199999,1.4,2.2,71.0,1.6,1.8,1.4,0.2,20.6,29.4,413.8,298.8,115.0,1.2,0.0
2016_07_HOU_DEN,2016,REG,7,2016-10-24,Monday,20:30,HOU,9,DEN,27,Home,18,36,0,2016102400,57007,,201610240den,4189.0,400874509,,8,11,334,-385,8.5,-107,-103,0,40.0,-115,104,0,outdoors,grass,71,5,00-0029682,00-0032156,Brock Osweiler,Trevor Siemian,Bill O'Brien,Gary Kubiak,Carl Cheffers,DEN00,Sports Authority Field at Mile High,2016,7,36.8,23.4,253.8,1.6,0.4,3.0,0.4,12.0,0.2,5.341748883999999,25.2,88.6,0.4,-3.5712643876000003,0.0,5.2,6.5925224678,2.4,2.8,68.6,1.8,2.0,0.6,1.2,23.8,17.6,309.2,205.4,103.8,0.8,0.4,2016,7,38.4,22.4,234.2,1.2,1.4,2.0,0.4,11.6,0.0,-5.3506570984,25.4,107.6,0.2,-3.5092212610000004,0.0,6.8,-0.489828097,2.0,2.6,44.0,1.4,1.6,0.4,0.6,17.0,22.6,339.8,202.8,137.0,0.4,0.6
2016_07_IND_TEN,2016,REG,7,2016-10-23,Sunday,13:00,IND,34,TEN,26,Home,-8,60,0,2016102308,57002,,201610230oti,4199.0,400874492,,7,7,175,-195,4.0,-104,-106,1,48.5,-108,-102,1,outdoors,grass,68,5,00-0029668,00-0032268,Andrew Luck,Marcus Mariota,Chuck Pagano,Mike Mularkey,Jerome Boger,NAS00,Nissan Stadium,2016,7,29.6,18.4,220.2,1.6,1.0,1.4,0.0,9.6,0.0,1.7066186802,31.4,163.2,1.0,2.4842805815999998,0.6,9.0,3.9394050696000003,1.0,1.4,76.4,2.2,2.4,0.6,0.0,20.8,20.4,351.4,258.2,93.2,1.2,0.0,2016,7,38.0,24.2,267.2,1.4,0.8,4.2,0.4,11.8,0.0,-4.2317981088000005,25.0,105.8,1.0,0.6205573449999999,0.4,6.4,7.804498560000001,2.8,2.8,69.6,2.2,2.2,0.6,0.8,25.0,27.0,411.0,293.0,118.0,0.4,0.2
2016_07_MIN_PHI,2016,REG,7,2016-10-23,Sunday,13:00,MIN,10,PHI,21,Home,11,31,0,2016102307,57001,,201610230phi,4198.0,400874493,,14,7,-128,116,-2.5,-108,-102,0,39.0,-105,-105,0,outdoors,grass,62,20,00-0027854,00-0032950,Sam Bradford,Carson Wentz,Mike Zimmer,Doug Pederson,John Hussey,PHI00,Lincoln Financial Field,2016,7,31.4,20.4,237.2,1.4,0.2,2.4,0.0,10.8,0.0,6.3659449316,27.6,113.6,1.0,-1.0731158462,0.4,7.4,10.0199875162,2.4,2.6,80.8,2.6,2.8,0.6,0.8,27.0,15.6,329.6,225.0,104.6,0.8,0.2,2016,7,31.6,21.2,245.2,1.2,0.0,1.6,0.0,12.2,0.0,7.122047122800001,28.8,70.6,0.6,-9.4626561794,0.0,4.4,10.397196517800001,1.8,2.4,70.4,2.0,2.4,0.4,1.0,23.8,12.6,316.6,238.8,77.8,1.4,0.6
2016_07_NE_PIT,2016,REG,7,2016-10-23,Sunday,16:25,NE,27,PIT,16,Home,-11,43,0,2016102311,57005,,201610230pit,4187.0,400874506,,7,7,-295,260,-7.5,111,-123,0,49.0,-123,111,0,outdoors,grass,63,13,00-0019596,00-0030524,Tom Brady,Landry Jones,Bill Belichick,Mike Tomlin,Craig Wrolstad,PIT00,Heinz Field,2016,7,38.0,23.6,277.0,2.6,1.0,2.0,0.4,14.0,0.4,4.370770495,22.4,98.2,0.4,-2.0121676103999997,0.2,4.2,8.549120566,0.6,0.8,54.8,2.6,2.6,0.6,0.6,23.2,21.4,402.6,292.2,110.4,0.2,0.2,2016,7,31.4,21.8,282.8,1.8,0.0,2.0,0.2,12.2,0.0,10.1221033312,31.4,122.6,1.2,-2.8859576926,0.8,7.0,11.694161297600001,1.2,1.8,54.0,2.8,3.0,1.0,0.8,25.2,14.0,358.4,266.4,92.0,0.8,0.8
2016_07_NO_KC,2016,REG,7,2016-10-23,Sunday,13:00,NO,21,KC,27,Home,6,48,0,2016102304,56998,,201610230kan,4195.0,400874491,,7,7,218,-245,6.0,-107,-103,0,51.0,-111,101,0,outdoors,grass,68,9,00-0020531,00-0023436,Drew Brees,Alex Smith,Sean Payton,Andy Reid,Clete Blakeman,KAN00,Arrowhead Stadium,2016,7,38.2,25.6,259.4,1.0,0.4,2.8,0.4,14.2,0.0,2.866387269,24.6,108.8,1.0,-6.1530540371999995,0.8,5.8,7.873573146599999,1.8,2.2,46.4,2.0,2.2,0.4,0.6,21.8,20.4,361.2,244.8,116.4,1.8,0.4,2016,7,45.0,30.0,346.8,2.8,0.8,1.6,0.2,17.2,0.0,8.5983967802,22.6,78.0,1.0,-1.9550065396,0.0,5.4,12.1787540352,1.4,2.2,72.8,3.6,3.6,0.2,1.2,31.0,33.6,431.8,314.0,117.8,0.4,0.6
2016_07_NYG_LA,2016,REG,7,2016-10-23,Sunday,9:30,NYG,17,LA,10,Neutral,-7,27,0,2016102300,56994,,201610230ram,4191.0,400874490,,7,7,-145,131,-3.0,104,-115,0,44.5,-113,102,0,outdoors,grass,55,12,00-0022803,00-0028986,Eli Manning,Case Keenum,Ben McAdoo,Jeff Fisher,Ron Torbert,LON01,Twickenham Stadium,2016,7,29.8,19.6,257.4,1.4,0.8,2.2,0.4,11.0,0.0,2.2432883454000008,26.4,84.0,0.8,-3.6995140421999997,0.4,5.2,6.2253086042,1.8,1.8,66.6,2.2,2.2,0.4,0.8,22.0,21.8,384.4,275.6,108.8,0.8,0.2,2016,7,41.0,26.4,316.2,1.0,1.0,1.8,0.8,13.6,0.0,1.5827730666000002,20.6,68.6,0.6,-4.1526798772,0.2,4.4,2.5126167338,2.2,2.4,78.4,1.8,1.8,0.4,0.2,19.2,22.4,379.6,283.6,96.0,0.4,0.2
2016_07_OAK_JAX,2016,REG,7,2016-10-23,Sunday,13:00,LV,33,JAX,16,Home,-17,49,0,2016102303,56997,,201610230jax,4194.0,400874498,,7,7,111,-123,1.5,-100,-110,1,47.5,-103,-107,0,outdoors,grass,70,6,00-0031280,00-0031407,Derek Carr,Blake Bortles,Jack Del Rio,Gus Bradley,Jeff Triplette,JAX00,EverBank Field,2016,7,38.6,23.6,264.2,1.6,1.4,2.8,0.4,12.4,0.0,-1.880528172,21.4,71.0,0.6,-2.1539967030000002,0.2,4.2,2.5644194472,1.6,2.0,88.4,2.2,2.2,0.2,0.4,20.2,25.4,336.8,233.8,103.0,0.6,0.2,2016,7,37.8,25.4,257.8,2.2,0.6,1.4,0.2,13.2,0.2,4.249923220400001,22.2,98.6,0.6,-2.3636706476000002,0.4,4.6,6.7901906302,1.2,1.8,54.0,2.6,2.6,0.4,0.8,23.4,25.8,439.2,298.2,141.0,1.0,1.0
2016_07_SD_ATL,2016,REG,7,2016-10-23,Sunday,16:05,LAC,33,ATL,30,Home,-3,63,1,2016102309,57003,,201610230atl,4200.0,400874505,,10,7,186,-208,4.5,-103,-107,1,52.5,-104,-106,0,dome,fieldturf,59,0,00-0022942,00-0026143,Philip Rivers,Matt Ryan,Mike McCoy,Dan Quinn,Bill Vinovich,ATL00,Georgia Dome,2016,7,34.2,23.2,348.2,2.6,0.6,2.4,0.2,15.2,0.0,13.182236689799998,27.0,124.0,1.2,1.4879047306000002,0.0,7.8,17.4312514296,1.8,1.8,65.6,4.0,4.0,0.0,0.2,35.0,27.0,396.0,301.0,95.0,0.8,0.2,2016,7,33.2,22.0,280.8,2.2,0.6,2.4,0.8,12.8,0.0,8.2479470298,24.2,79.2,0.8,-5.1584356158,0.8,5.2,10.433957724199999,2.2,2.2,41.4,3.0,3.2,1.0,0.8,29.2,24.4,366.4,282.8,83.6,1.2,0.2
2016_07_SEA_ARI,2016,REG,7,2016-10-23,Sunday,20:30,SEA,6,ARI,6,Home,0,12,1,2016102312,57006,,201610230crd,4188.0,400874508,,7,6,121,-134,2.5,-100,-110,0,43.0,101,-111,1,closed,grass,59,0,00-0029263,00-0021429,Russell Wilson,Carson Palmer,Pete Carroll,Bruce Arians,Terry McAulay,PHO00,University of Phoenix Stadium,2016,7,38.8,21.2,255.2,1.4,1.4,2.0,0.4,14.0,0.0,-0.10853846559999987,29.8,130.8,1.6,-2.6632616843999997,1.0,8.0,3.0835402158000003,1.2,1.2,47.8,2.8,3.0,1.2,0.6,26.4,16.2,302.6,199.0,103.6,1.8,0.6,2016,7,35.8,23.8,279.8,1.2,0.4,2.0,0.4,13.0,0.0,8.0942310538,28.0,88.8,1.0,-5.639543815000001,0.4,5.6,9.8022207928,2.0,2.2,66.8,1.8,2.2,0.8,0.2,21.0,15.6,302.6,228.0,74.6,1.0,0.2
2016_07_TB_SF,2016,REG,7,2016-10-23,Sunday,16:05,TB,34,SF,17,Home,-17,51,0,2016102310,57004,,201610230sfo,4186.0,400874503,,13,7,104,-115,1.0,-103,-107,1,45.0,-104,-106,0,outdoors,grass,68,5,00-0031503,00-0027974,Jameis Winston,Colin Kaepernick,Dirk Koetter,Chip Kelly,Peter Morelli,SFO01,Levi's Stadium,2016,7,28.8,15.6,181.4,1.0,1.2,2.6,0.2,9.2,0.0,-6.3180104366,30.0,118.0,1.2,-1.488920549,0.2,6.8,-2.8174641956,1.4,1.6,40.6,2.0,2.0,0.4,1.2,19.8,37.0,438.2,241.8,196.4,0.4,1.0,2016,7,41.4,24.2,265.4,1.8,1.6,2.4,0.4,13.2,0.2,-3.5781817488,26.8,88.6,0.4,-3.9600263068000006,0.6,6.0,2.3483655006000004,0.8,1.6,55.2,1.6,1.8,0.6,0.6,18.8,28.4,374.8,271.0,103.8,0.6,0.2
2016_07_WAS_DET,2016,REG,7,2016-10-23,Sunday,13:00,WAS,17,DET,20,Home,3,37,0,2016102302,56996,,201610230det,4193.0,400874496,,7,7,-105,-105,-1.0,101,-111,0,50.0,-103,-107,0,dome,fieldturf,59,0,00-0029604,00-0026498,Kirk Cousins,Matthew Stafford,Jay Gruden,Jim Caldwell,Walt Coleman,DET00,Ford Field,2016,7,34.6,23.0,261.6,2.2,0.8,2.8,0.2,11.8,0.2,6.2288289063999995,23.4,83.2,0.0,-1.4105761234,0.0,5.6,11.0588851326,1.6,1.8,76.0,2.2,2.2,0.0,0.2,22.2,23.6,374.4,260.8,113.6,0.6,0.2,2016,7,36.8,23.6,279.4,1.8,0.8,1.6,0.4,13.2,0.0,4.6742753960000005,25.2,121.4,0.6,-1.1919991202000002,0.4,6.6,8.821393217,2.4,2.6,63.4,2.4,2.6,0.8,0.8,25.2,20.8,370.2,250.8,119.4,0.6,1.0
2016_08_ARI_CAR,2016,REG,8,2016-10-30,Sunday,13:00,ARI,20,CAR,30,Home,10,50,0,2016103009,57018,,201610300car,4211.0,400874625,,7,14,121,-134,2.5,-100,-110,1,45.5,-104,-106,0,outdoors,grass,85,5,00-0021429,00-0027939,Carson Palmer,Cam Newton,Bruce Arians,Ron Rivera,Walt Coleman,CAR00,Bank of America Stadium,2016,8,39.8,24.4,311.0,1.8,1.8,2.4,0.2,15.0,0.4,1.0885019148,26.4,113.8,1.2,-1.8662040814,0.4,6.8,5.8666463004,1.4,1.8,59.2,2.4,2.8,0.0,0.2,28.2,31.0,398.0,320.2,77.8,0.8,0.4,2016,8,41.8,23.4,260.6,0.8,1.4,2.6,0.6,13.8,0.0,-2.9410716166,31.2,136.2,1.4,-3.6503639578,1.0,8.6,1.5310077454,1.2,1.6,50.8,2.0,2.0,1.4,0.4,19.6,16.0,292.4,195.4,97.0,1.0,0.6
2016_08_DET_HOU,2016,REG,8,2016-10-30,Sunday,13:00,DET,13,HOU,20,Home,7,33,0,2016103004,57013,,201610300htx,4206.0,400874569,,7,6,-101,-109,1.0,-109,-101,0,46.5,-105,-105,0,closed,fieldturf,59,0,00-0026498,00-0029682,Matthew Stafford,Brock Osweiler,Jim Caldwell,Bill O'Brien,Brad Allen,HOU00,NRG Stadium,2016,8,40.0,23.0,206.8,1.0,1.0,1.8,0.6,10.8,0.0,-9.115316853,23.6,116.2,0.2,-1.226091317,0.6,7.6,-4.219062068,1.8,2.2,38.2,1.2,1.4,0.8,0.0,15.0,25.6,348.2,197.0,151.2,0.4,0.4,2016,8,32.4,22.2,262.8,2.2,0.6,2.6,0.4,12.2,0.2,8.5256142496,22.6,74.6,0.2,-2.1281516374,0.0,5.4,13.460929657200001,1.6,2.0,54.4,2.4,2.4,0.2,0.6,23.2,23.8,385.2,273.4,111.8,0.4,0.8
2016_08_GB_ATL,2016,REG,8,2016-10-30,Sunday,16:25,GB,32,ATL,33,Home,1,65,0,2016103001,57010,,201610300atl,4203.0,400874616,,10,7,139,-154,3.0,-106,-104,1,51.0,-105,-105,0,dome,fieldturf,59,0,00-0023459,00-0026143,Aaron Rodgers,Matt Ryan,Mike McCarthy,Dan Quinn,Walt Anderson,ATL00,Georgia Dome,2016,8,34.2,22.4,323.6,2.2,0.6,2.8,0.2,14.2,0.0,9.907166905,26.4,122.2,1.2,0.6066160824000001,0.0,7.8,14.719944325799997,2.0,2.2,65.2,4.0,4.0,0.0,0.4,34.0,28.0,395.0,315.4,79.6,1.0,0.2,2016,8,40.6,25.6,259.4,2.2,0.8,2.0,0.8,14.0,0.0,2.2676315043999997,25.2,106.8,0.2,-2.154073373,0.6,6.0,5.809171043399999,2.0,2.2,50.6,2.2,2.4,1.0,0.6,22.6,20.0,326.0,249.4,76.6,0.8,0.0
2016_08_JAX_TEN,2016,REG,8,2016-10-27,Thursday,20:25,JAX,22,TEN,36,Home,14,58,0,2016102700,57008,,201610270oti,4201.0,400874553,,4,4,130,-144,3.0,-118,107,1,43.5,-103,-107,1,outdoors,grass,71,3,00-0031407,00-0032268,Blake Bortles,Marcus Mariota,Gus Bradley,Mike Mularkey,John Hussey,NAS00,Nissan Stadium,2016,8,30.4,17.8,219.0,1.6,0.8,1.4,0.2,9.8,0.0,0.4714648790000003,32.2,160.2,1.2,2.3617320701999995,0.8,9.2,3.7730227928000004,1.2,1.4,67.4,2.4,2.6,0.8,0.0,22.8,24.2,358.8,276.8,82.0,1.0,0.0,2016,8,39.4,23.4,249.4,1.6,1.6,2.4,0.4,11.8,0.0,-4.4064094432,19.4,82.4,0.4,-0.9411336218000003,0.4,4.4,-0.6787638624,1.6,2.0,95.0,2.0,2.0,0.2,0.4,18.8,26.6,346.8,234.0,112.8,0.6,0.2
2016_08_KC_IND,2016,REG,8,2016-10-30,Sunday,13:00,KC,30,IND,14,Home,-16,44,0,2016103005,57014,,201610300clt,4207.0,400874557,,7,7,-139,126,-3.0,108,-119,0,50.5,-105,-105,0,closed,fieldturf,59,0,00-0023436,00-0029668,Alex Smith,Andrew Luck,Andy Reid,Chuck Pagano,Craig Wrolstad,IND00,Lucas Oil Stadium,2016,8,37.8,25.4,298.4,1.8,0.6,3.6,0.2,12.8,0.0,2.1490775391999994,25.6,105.4,0.8,-0.10142303,0.4,7.0,11.8354231084,2.8,2.8,77.0,2.6,2.6,0.6,1.0,27.8,25.4,402.2,286.2,116.0,0.2,0.4,2016,8,33.4,22.2,229.6,1.0,0.2,2.2,0.4,12.6,0.0,3.7789089112,26.4,114.6,0.6,-6.9282475488,0.8,6.0,7.4299348646,1.8,2.2,43.2,2.0,2.2,0.4,0.8,20.6,19.2,375.8,269.6,106.2,2.0,0.6
2016_08_MIN_CHI,2016,REG,8,2016-10-31,Monday,20:30,MIN,10,CHI,20,Home,10,30,0,2016103100,57020,,201610310chi,4213.0,400874652,,8,11,-230,205,-5.5,-104,-106,0,39.5,-107,-103,1,outdoors,grass,58,12,00-0027854,00-0024226,Sam Bradford,Jay Cutler,Mike Zimmer,John Fox,Gene Steratore,CHI98,Soldier Field,2016,8,40.6,26.2,289.6,1.2,0.4,1.0,0.2,15.2,0.0,5.600109701599999,21.4,95.6,0.2,-2.1832719086,0.2,5.6,6.585282697399999,1.8,2.2,75.0,1.6,1.6,1.0,0.6,16.6,23.4,380.0,276.0,104.0,0.6,0.2,2016,8,33.2,22.4,242.8,1.4,0.2,2.8,0.8,12.0,0.0,1.3245215774,28.6,76.2,0.6,-8.2244823604,0.0,4.8,8.257069848399999,1.2,1.4,73.8,2.0,2.2,0.8,1.0,20.8,13.6,297.4,212.2,85.2,1.6,0.8
2016_08_NE_BUF,2016,REG,8,2016-10-30,Sunday,13:00,NE,41,BUF,25,Home,-16,66,0,2016103002,57011,,201610300buf,4204.0,400874619,,7,7,-235,210,-5.5,-105,-105,1,48.0,-113,102,1,outdoors,a_turf,49,9,00-0019596,00-0028118,Tom Brady,Tyrod Taylor,Bill Belichick,Rex Ryan,John Parry,BUF00,New Era Field,2016,8,28.4,16.6,177.8,1.2,0.2,3.0,0.0,9.0,0.2,2.0681417820000005,31.4,183.0,2.0,3.3561435312,1.2,10.0,7.318537313199999,1.6,1.8,62.2,3.0,3.4,0.8,0.8,29.8,16.2,364.6,230.8,133.8,1.2,1.2,2016,8,29.6,20.8,262.4,1.6,0.0,1.6,0.0,11.0,0.0,9.294860183199999,29.6,118.4,1.4,-2.002045108,0.6,7.0,10.221312214400001,1.0,1.4,49.0,2.6,3.0,0.8,0.4,24.4,12.4,342.0,245.2,96.8,0.6,0.6
2016_08_NYJ_CLE,2016,REG,8,2016-10-30,Sunday,13:00,NYJ,31,CLE,28,Home,-3,59,0,2016103003,57012,,201610300cle,4205.0,400874612,,7,7,-134,121,-2.5,-110,-100,1,45.5,-103,-107,0,outdoors,grass,53,15,00-0023682,00-0021206,Ryan Fitzpatrick,Josh McCown,Todd Bowles,Hue Jackson,Peter Morelli,CLE00,FirstEnergy Stadium,2016,8,38.0,24.0,254.0,1.0,0.8,3.0,0.2,12.4,0.2,3.334270857999999,24.6,115.8,1.0,-2.3098638966,1.2,6.6,9.4096725334,1.6,2.2,66.2,1.6,1.6,0.8,0.4,20.0,30.6,453.2,300.0,153.2,0.8,0.0,2016,8,36.4,20.2,224.8,0.8,2.2,2.6,0.6,9.8,0.0,-6.825643545400001,22.4,87.0,0.2,-2.3340993196,0.6,4.8,-4.7563476994,1.2,1.4,40.2,1.2,1.2,0.8,0.4,12.0,25.2,356.0,279.8,76.2,0.4,0.8
2016_08_OAK_TB,2016,REG,8,2016-10-30,Sunday,13:00,LV,30,TB,24,Home,-6,54,1,2016103007,57016,,201610300tam,4209.0,400874561,,7,7,106,-117,1.0,-100,-110,1,48.0,111,-123,0,outdoors,grass,86,15,00-0031280,00-0031503,Derek Carr,Jameis Winston,Jack Del Rio,Dirk Koetter,Terry McAulay,TAM00,Raymond James Stadium,2016,8,41.0,23.8,263.0,1.6,1.6,2.8,0.4,14.2,0.2,-3.1381634888000005,29.4,120.4,0.6,-2.3585909996,0.6,6.6,3.4342701165999996,1.0,2.0,61.2,1.6,1.8,1.0,1.0,19.4,27.0,358.2,232.8,125.4,0.8,0.2,2016,8,36.2,23.2,238.0,1.8,0.6,1.2,0.2,11.8,0.2,2.8746613036000004,24.0,96.4,0.8,-2.7276073478000002,0.4,4.6,5.3046965152,2.0,2.4,65.8,2.4,2.4,0.4,1.0,24.4,22.0,402.4,268.2,134.2,1.2,1.2
